molecule,beta_rst_converged,br-iters,br-energy,br-s2,reference_converged,reference_nao,candidate_nao,alpha_electrons_reference,alpha_electrons_candidate,beta_electrons_reference,beta_electrons_candidate,alpha_electron_count_error,beta_electron_count_error,occupation_count_match,alpha_fractional_occupations_reference,alpha_fractional_occupations_candidate,beta_fractional_occupations_reference,beta_fractional_occupations_candidate,alpha_subspace_mean_squared_overlap,alpha_subspace_min_squared_overlap,alpha_subspace_rms_sine_angle,beta_subspace_mean_squared_overlap,beta_subspace_min_squared_overlap,beta_subspace_rms_sine_angle,reference_integrated_spin,candidate_integrated_spin,integrated_spin_error,spin_density_cosine_similarity,spin_density_relative_l2_error,spin_density_relative_l1_error,atomic_spin_rmse,atomic_spin_max_abs_error,soscf_energy,soscf_s2,soscf_converged,energy_difference_meh,absolute_energy_difference_meh,spin_square_difference
dsgdb9nsd_000001,True,14,-40.1587093726,0.750387,True,42,43,6.0,6.0,5.0,5.0,0.0,0.0,True,0,0,0,0,0.9999722471491233,0.999836613553458,0.0052680974627266,0.9999993870404968,0.9999978996748397,0.0007829173028836,0.9999205147619687,0.999919891667398,-6.230945707175195e-07,0.999983444721445,0.0057549421894425,0.0020694547447085,0.0019017067453694,0.0025748300631165,-40.15866833630834,0.7503888014661442,True,-0.04103629166252176,0.04103629166252176,-1.8014661441467794e-06
dsgdb9nsd_000002,True,12,-56.1583647345,0.750714,True,36,37,6.0,6.0,5.0,5.0,0.0,0.0,True,0,0,0,0,0.9999871341761528,0.9999299596110702,0.0035868961299456,0.9999983328990888,0.9999940175802232,0.001291162619961,0.9999764068881964,0.9999757618133474,-6.450748490927083e-07,0.999925322148496,0.0127051893487366,0.0061965166105274,0.0025926568014962,0.0040961311017437,-56.15816128938974,0.7507152223588376,True,-0.2034451102588264,0.2034451102588264,-1.2223588375936956e-06
dsgdb9nsd_000003,True,12,-75.9896187021,0.750558,True,30,31,6.0,6.0,5.0,5.0,0.0,0.0,True,0,0,0,0,0.9999785257491688,0.9998764346070338,0.0046340318116412,0.999997443852228,0.9999878374886888,0.0015987957255118,0.9999894721720944,0.9999889656976592,-5.064744351690464e-07,0.9997197753826348,0.0256394355741604,0.0147796403231572,0.0061403433028104,0.0079528281884025,-75.98912808234563,0.7505698644198358,True,-0.490619754373256,0.490619754373256,-1.1864419835805329e-05
dsgdb9nsd_000007,True,18,-79.1776151287,0.750265,True,72,74,10.0,10.0,9.0,9.0,0.0,0.0,True,0,0,0,0,0.8999787557697555,3.54595965403848e-07,0.3162613543103939,0.9999852235273096,0.9999426216002908,0.0038440177796514,0.9999854775363648,0.9998940897577816,-9.13877785829742e-05,0.5744827302073926,0.9335855974967046,0.912564329392174,0.1865334743229534,0.3252490313638391,-79.19282007719445,0.7503165585603355,True,15.204948494456971,15.204948494456971,-5.155856033556283e-05
dsgdb9nsd_000008,True,14,-115.0119301707,0.750234,True,60,62,10.0,10.0,9.0,9.0,0.0,0.0,True,0,0,0,0,0.9999881705060714,0.9999088802022555,0.0034394031355156,0.9999969300939706,0.99998423248076,0.0017521147306216,0.9999590111048444,0.9999582893727776,-7.217320666663696e-07,0.9999666010309388,0.0082951215898883,0.0048308503478518,0.003502643313374,0.0062639406492848,-115.01157646065317,0.7502334994293882,True,-0.3537100468236076,0.3537100468236076,5.005706117389153e-07
dsgdb9nsd_000011,True,357,-152.8414260742,0.760557,True,78,81,13.0,13.0,12.0,12.0,0.0,0.0,True,0,0,0,0,0.9999838391289512,0.9998221934560788,0.0040200585877499,0.9999975769512928,0.9999866842132604,0.0015566145017677,0.9999919322198292,0.9999920038324588,7.161262938204517e-08,0.999978833840374,0.00651089009539,0.0101496412041648,0.0010598218732597,0.0025393792258201,-152.84168757398356,0.7646722437377136,True,0.261499783562158,0.261499783562158,-0.004115243737713548
dsgdb9nsd_000013,True,21,-118.2168566857,0.750133,True,102,105,14.0,14.0,13.0,13.0,0.0,0.0,True,0,0,0,0,0.9285412338991168,2.322674730742422e-06,0.2673177250031938,0.9999819577257208,0.9999313870229216,0.0042476198369623,0.9999342529144382,0.9999413761804996,7.123266061448419e-06,0.7051063448763379,0.8261609417423871,0.7373447253972123,0.4455042824010342,0.8795861139068408,-118.23077140051146,0.7502888488725539,True,13.914714811463114,13.914714811463114,-0.00015584887255382096
dsgdb9nsd_000014,True,15,-154.054586498,0.750241,True,90,93,14.0,14.0,13.0,13.0,0.0,0.0,True,0,0,0,0,0.9999900196584428,0.9999151580015146,0.0031591678583411,0.9999956891219476,0.999977726154394,0.0020762654099329,0.9999726168850366,0.9999722543074624,-3.625775741866733e-07,0.99996015378001,0.0096453230049012,0.0072610217555258,0.0086424666635407,0.0170808070154557,-154.05421308328394,0.7502423465034358,True,-0.3734147160514567,0.3734147160514567,-1.3465034357507122e-06
dsgdb9nsd_000017,True,17,-152.8205652489,0.750208,True,78,81,13.0,13.0,12.0,12.0,0.0,0.0,True,0,0,0,0,0.923058056779755,1.5740502849650066e-08,0.2773841077283356,0.9999823186885086,0.9999272952740847,0.004204915158639,0.9999620947436164,0.9999330900131126,-2.9004730503712217e-05,0.6814009344142036,0.8095058880752402,0.8203604257645506,0.1291024996810479,0.1840979185152137,-152.83397714928034,0.7502395266853448,True,13.411900380333464,13.411900380333464,-3.1526685344784866e-05
dsgdb9nsd_000020,True,43,-223.977040366,0.750235,True,96,100,17.0,17.0,16.0,16.0,0.0,0.0,True,0,0,0,0,0.999992423645194,0.9999196975823068,0.002752517902922,0.9999969555893324,0.9999859116978732,0.0017448239646206,0.9999623180553198,0.9999621936467556,-1.2440856411721768e-07,0.9999731793605652,0.0073328546346941,0.0029603505712085,0.0037109652803262,0.0081693957317769,-223.9764139761392,0.7502362259089033,True,-0.6263898607983265,0.6263898607983265,-1.22590890327956e-06
dsgdb9nsd_000022,True,15,-193.0972239204,0.750289,True,120,124,18.0,18.0,17.0,17.0,0.0,0.0,True,0,0,0,0,0.9998570878549686,0.9975376739054376,0.0119545867779482,0.9999923682238202,0.9999553131458172,0.0027625669548088,0.9999504193460262,0.9999532980136135,2.87866758741373e-06,0.9981983242627962,0.0669055668550196,0.0694583079024495,0.3195495416616981,0.8860136394070528,-193.09705421779012,0.7502904720608328,True,-0.16970260989523922,0.16970260989523922,-1.4720608327856155e-06
dsgdb9nsd_000023,True,408,-152.4370350937,0.778241,True,84,88,14.0,14.0,13.0,13.0,0.0,0.0,True,0,0,0,0,0.9946155742102298,0.9267393484698278,0.0733786466880543,0.9999796595270384,0.9998108358932074,0.0045100413481093,0.9999944653732528,0.999993782109349,-6.832639039000554e-07,0.9614136226278038,0.2775563737294572,0.304184424288953,0.0830413048904896,0.1075362181382894,-152.4376939305924,0.7783868095857933,True,0.6588368923985399,0.6588368923985399,-0.000145809585793355
dsgdb9nsd_000025,True,13,-184.5766933985,0.807936,True,72,76,14.0,14.0,13.0,13.0,0.0,0.0,True,0,0,0,0,0.9924591226886332,0.8987693452614489,0.0868382249436658,0.9999766087685245,0.9999429349551304,0.004836448229405,0.9999995812514714,0.9999987376768612,-8.43574610054354e-07,0.9526275740943484,0.3077522321675593,0.3489481844155153,0.0017343852795521,0.0017630711092112,-184.57596125168567,0.8081676567464626,True,-0.7321468143288712,0.7321468143288712,-0.00023165674646263845
dsgdb9nsd_000027,True,18,-205.6031443903,0.811595,True,78,82,15.0,15.0,14.0,14.0,0.0,0.0,True,0,0,0,0,0.9999952084338806,0.9999761798850776,0.0021889646226934,0.9999951314059232,0.9999751543679372,0.0022064890837157,0.9999997822884156,0.9999996099569516,-1.723314642099183e-07,0.9999890797441028,0.0046740278602081,0.0025981018523487,0.0399127682759472,0.0634696189597213,-205.60244949866393,0.811713077286667,True,-0.6948916360727253,0.6948916360727253,-0.00011807728666701767
dsgdb9nsd_000038,True,291,-227.7424006724,0.750605,True,96,100,17.0,17.0,16.0,16.0,0.0,0.0,True,0,0,0,0,0.9518268556444552,0.1954160950920141,0.2194838134249192,0.9984241856659783,0.992200304125676,0.0396965279844683,1.000010417675434,1.0000401909351275,2.9773259693666176e-05,0.2406787074943371,5.105371323151224,1.6897780729142446,0.7553995456860353,1.2270399322958403,-227.74174104739177,0.7506145946291021,True,-0.6596250082395727,0.6596250082395727,-9.594629102105401e-06
dsgdb9nsd_000039,True,19,-157.2581189713,0.750182,True,132,136,18.0,18.0,17.0,17.0,0.0,0.0,True,0,0,0,0,0.9444182314803192,2.136160122836179e-07,0.2357578599319242,0.999975169118736,0.999886108558196,0.0049830594281192,0.9999085155516854,0.9999611435111572,5.262795947191812e-05,0.7084015480559982,0.8430161369125158,0.7235239222753445,0.4314477941755709,0.7244093611522675,-157.2680292760227,0.7502280273255124,True,9.910304722694718,9.910304722694718,-4.6027325512398853e-05
dsgdb9nsd_000042,True,16,-228.9083589986,0.750265,True,108,112,18.0,18.0,17.0,17.0,0.0,0.0,True,0,0,0,0,0.9999764720738078,0.999707705713599,0.0048505593689976,0.999992231538528,0.999951043559337,0.0027871959873909,0.9999913057827556,0.9999912079673432,-9.781541232545268e-08,0.9997471167316916,0.0260207294369208,0.0266818026023164,0.0182174996592149,0.0367782734031669,-228.90768374616954,0.7502647426425497,True,-0.6752524304545204,0.6752524304545204,2.5735745023958145e-07
dsgdb9nsd_000044,True,16,-191.880907373,0.750175,True,108,112,17.0,17.0,16.0,16.0,0.0,0.0,True,0,0,0,0,0.9989805022620164,0.9828091633259568,0.0319295746602335,0.999988915402275,0.9999130520294158,0.0033293539501059,0.9998831774039728,0.9998842662597894,1.0888558167332365e-06,0.984343409394296,0.2025656840998754,0.1933714149433256,0.9806506081714784,2.3347195278294564,-191.88159970912767,0.7501615127732109,True,0.69233612765629,0.69233612765629,1.3487226789177242e-05
dsgdb9nsd_000049,True,681,-246.8801470182,0.750328,True,132,137,21.0,21.0,20.0,20.0,0.0,0.0,True,0,0,0,0,0.9514707873679328,0.002676805257265,0.220293469335946,0.9978802534354804,0.9838808180318906,0.0460407055171795,0.9999251506268704,0.9999888236584202,6.367303154974913e-05,-0.2166641876551858,5.807721475286744,1.7041606372621334,1.353762060054271,3.305007010405117,-246.90592058452617,0.7552280189740088,True,25.773566326165565,25.773566326165565,-0.004900018974008824
dsgdb9nsd_000055,True,16,-232.1380650905,0.750329,True,150,155,22.0,22.0,21.0,21.0,0.0,0.0,True,0,0,0,0,0.999079079568617,0.9800121131405806,0.0303466708451345,0.9999862022577028,0.9999196293834884,0.0037145312351794,0.9999565784723012,0.9999690570425868,1.247857028552346e-05,0.98307445511367,0.2279653413439165,0.2210403170896782,0.9912814632784964,3.268960236290729,-232.13913239065917,0.7503137260818526,True,1.0673001591783304,1.0673001591783304,1.5273918147373777e-05
dsgdb9nsd_000056,True,43,-228.5642312838,0.816151,True,114,119,19.0,19.0,18.0,18.0,0.0,0.0,True,0,0,0,0,0.9999956333516608,0.9999796128395988,0.0020896526839168,0.9999951188524612,0.9999727720938758,0.0022093319213753,1.0000065726925025,1.0000060501872317,-5.22505270605933e-07,0.9999837722965822,0.0057232229141018,0.0023139659593482,0.0654114010109558,0.1598830096911391,-228.5638135987063,0.8161569058059968,True,-0.4176850937085419,0.4176850937085419,-5.905805996797575e-06
dsgdb9nsd_000062,True,15,-281.6408512486,0.76807,True,108,113,20.0,20.0,19.0,19.0,0.0,0.0,True,0,0,0,0,0.9999965024379822,0.9999776040730812,0.001870177001714,0.9999964993136912,0.9999770219976952,0.0018710121081157,1.0000056386413445,1.0000055789526474,-5.968869687400513e-08,0.9999909713994264,0.0044129292814542,0.0030236506627346,0.0026200508572823,0.006388912726757,-281.6400722520357,0.768042281206494,True,-0.778996564292811,0.778996564292811,2.7718793506048556e-05
dsgdb9nsd_000063,True,19,-193.9088590568,0.750359,True,138,143,20.0,20.0,19.0,19.0,0.0,0.0,True,0,0,0,0,0.949963117061827,6.991551796077317e-07,0.2236892553033627,0.9999685976023062,0.9998344639355228,0.0056037842297496,0.9998824603586888,0.9999128515895418,3.0391230852910844e-05,0.6029377383301752,0.8983613768580458,0.8847875503928359,0.4908976755547544,0.9666418454254254,-193.89166411286675,0.7502135370277117,True,-17.19494393324794,17.19494393324794,0.00014546297228834604
dsgdb9nsd_000064,True,22,-209.9772885969,0.750289,True,132,137,20.0,20.0,19.0,19.0,0.0,0.0,True,0,0,0,0,0.9991056543810832,0.9822694625645756,0.0299056118298351,0.9999916685560626,0.9999541630266404,0.0028864240744402,0.9999500214987432,0.9999630104808042,1.298898206103516e-05,0.984372089292982,0.2019804986892226,0.2007203361876765,1.3887194543402996,3.635524594780169,-209.97899262862177,0.7502289417833659,True,1.7040317217720258,1.7040317217720258,6.0058216634129025e-05
dsgdb9nsd_000068,True,223,-230.9482656616,0.751369,True,138,143,21.0,21.0,20.0,20.0,0.0,0.0,True,0,0,0,0,0.9514509922204272,0.0001030973123123,0.2203383937936665,0.9983243651161564,0.990250984030024,0.0409345194651585,0.9999093244892646,0.9999906140367234,8.128954745878492e-05,0.0076976233966801,9.439321901935106,1.919478639317235,1.464727239152159,3.24349510903412,-230.9647408759388,0.7502740440992639,True,16.475214338782962,16.475214338782962,0.0010949559007360499
dsgdb9nsd_000077,True,288,-266.8110228506,0.750165,True,126,131,21.0,21.0,20.0,20.0,0.0,0.0,True,0,0,0,0,0.9515087928492784,0.0016358648039084,0.2202071914146351,0.9981669519547918,0.9911171057308654,0.0428141103517054,1.0000413130107626,0.9999947018274344,-4.661118332827119e-05,-0.007568821604558,12.098774163959291,1.9463100261141888,0.872740134980464,2.148109896891832,-266.8107859769076,0.7501587688134776,True,-0.2368736924154291,0.2368736924154291,6.231186522320797e-06
dsgdb9nsd_000078,True,28,-282.827345786,0.750198,True,120,125,21.0,21.0,20.0,20.0,0.0,0.0,True,0,0,0,0,0.9999913201903408,0.9998831846760012,0.0029461516693909,0.9999967193145636,0.9999741282595708,0.0018112662521568,0.9999501202292946,0.9999498647083802,-2.555209144272652e-07,0.9999112508383676,0.0134407394118855,0.0058937557054159,0.003040571160529,0.0074229686696255,-282.82644823050396,0.7502016661808106,True,-0.8975554960670706,0.8975554960670706,-3.6661808106019933e-06
dsgdb9nsd_000080,True,17,-282.8268433751,0.750343,True,120,125,21.0,21.0,20.0,20.0,0.0,0.0,True,0,0,0,0,0.9999963120927832,0.9999792447171568,0.0019203924642923,0.9999961916818412,0.99997929752472,0.0019514912653529,1.0000264055098862,1.000025913351023,-4.921588632189611e-07,0.999918561679811,0.0128045341610812,0.0041689375924125,0.0046873015910907,0.0124079460148127,-282.8259800623324,0.7503419753639058,True,-0.863312767592106,0.863312767592106,1.024636094193454e-06
dsgdb9nsd_000082,True,16,-267.9582992784,0.750251,True,138,143,22.0,22.0,21.0,21.0,0.0,0.0,True,0,0,0,0,0.9998373028233748,0.9965778925081198,0.0127552803428794,0.99999162562403,0.9999499328040672,0.002893851407751,0.9999516191311364,0.9999526666549216,1.0475237852691777e-06,0.9975830053957352,0.0794195056457348,0.0844799352408691,0.4023391499495468,1.1075756171292248,-267.9579000932416,0.7502527828535293,True,-0.39918515835779544,0.39918515835779544,-1.7828535292530034e-06
dsgdb9nsd_000086,True,20,-195.090481386,0.750263,True,150,155,21.0,21.0,20.0,20.0,0.0,0.0,True,0,0,0,0,0.952355698865881,1.2033885033077096e-05,0.2182757456386738,0.9999785459975188,0.9998720687668596,0.0046318465520012,0.9998852230007492,0.9997708997405672,-0.000114323260182,0.6093609545755813,1.0310718221213937,0.9145545652875376,1.2747268171219288,4.202782118644378,-195.10750358878795,0.7502672972000077,True,17.022202787956076,17.022202787956076,-4.297200007719049e-06
dsgdb9nsd_000087,True,16,-230.9257712924,0.750208,True,138,143,21.0,21.0,20.0,20.0,0.0,0.0,True,0,0,0,0,0.9994655212471836,0.9889545954233748,0.0231187965261243,0.999989254087562,0.999911919179926,0.003278095855513,0.9998102105336096,0.9997949951563828,-1.5215377226818204e-05,0.9894706104942034,0.1703331827032403,0.158238107376989,0.6719818932072475,1.7245740250617247,-230.92610420972238,0.7501950196873253,True,0.33291732239604244,0.33291732239604244,1.2980312674715222e-05
dsgdb9nsd_000088,True,16,-230.9298638354,0.750262,True,138,143,21.0,21.0,20.0,20.0,0.0,0.0,True,0,0,0,0,0.9985625840704196,0.9700279954329368,0.0379132685161856,0.9999880172171272,0.9999265165505712,0.0034616156448646,0.9999363375089512,0.9999422216754384,5.884166487279963e-06,0.968696595145095,0.3022169111004367,0.2818809932372481,0.8845698681750912,2.561455726256724,-230.9305099143883,0.7502654251437022,True,0.6460789882964946,0.6460789882964946,-3.4251437022181364e-06
dsgdb9nsd_000089,True,261,-245.7641366527,0.750228,True,120,125,20.0,20.0,19.0,19.0,0.0,0.0,True,0,0,0,0,0.9510646515682608,0.0378417699763872,0.2212133550031264,0.9983537800380587,0.9918030401009696,0.0405736362918219,1.0000012473552784,1.0000023173954975,1.0700402193197789e-06,0.0828768926477684,7.49105681980289,1.78725119808641,0.4412423919240489,0.6788476237858967,-245.7433212103824,0.7502872476625768,True,-20.815442317598354,20.815442317598354,-5.9247662576811244e-05
dsgdb9nsd_000096,True,18,-230.9248999154,0.750194,True,138,143,21.0,21.0,20.0,20.0,0.0,0.0,True,0,0,0,0,0.99899260572989,0.9790076587558127,0.0317394749501282,0.9999909108623296,0.9999511503847286,0.0030148196745795,1.0000326944105542,1.0000230597304185,-9.63468013570612e-06,0.974982817870078,0.2372003042364291,0.2296949424610243,0.8364474459906592,2.272586736902132,-230.9254990207775,0.7501870927760486,True,0.5991053774891952,0.5991053774891952,6.9072239514689215e-06
dsgdb9nsd_000100,True,19,-195.1035327625,0.750185,True,150,155,21.0,21.0,20.0,20.0,0.0,0.0,True,0,0,0,0,0.9990381179149675,0.9800623512656332,0.0310142239147213,0.9999854379393628,0.9999126429373522,0.0038160268129869,0.9999685504340444,0.9999582339854176,-1.0316448627034625e-05,0.9768771912514927,0.2358693106064751,0.2114153598794626,0.8305274461676422,2.501831015238108,-195.10535434282158,0.7501686639480809,True,1.8215803215753112,1.8215803215753112,1.6336051919085826e-05
dsgdb9nsd_000104,True,16,-266.7439341994,0.750204,True,126,131,21.0,21.0,20.0,20.0,0.0,0.0,True,0,0,0,0,0.9996911620504372,0.993693336202932,0.0175737858631186,0.9999904986602814,0.9999413549931164,0.0030824243248904,0.9999362782578142,0.9999395324517408,3.254193926660598e-06,0.9949543387913448,0.1055686627035777,0.1187753080933621,0.4921791617782925,1.276795450097478,-266.7438085500505,0.7502004510773439,True,-0.12564934945658024,0.12564934945658024,3.5489226560825315e-06
dsgdb9nsd_000147,True,279,-265.570010456,0.750709,True,114,119,20.0,20.0,19.0,19.0,0.0,0.0,True,0,0,0,0,0.9577548667994056,0.1743204761804095,0.2055362089768963,0.9985383435189064,0.992716756994589,0.0382316162500828,0.999979614821616,1.0000067907969548,2.7175975338633584e-05,0.2566664181158334,6.719038693336858,1.8479253443620247,1.6480584290830709,3.3666918790248377,-265.5713413306296,0.7505538576635118,True,1.330874629616119,1.330874629616119,0.00015514233648816766
dsgdb9nsd_000221,True,24,-265.0044903613,0.750363,True,156,162,24.0,24.0,23.0,23.0,0.0,0.0,True,0,0,0,0,0.9987786972520292,0.971004952098802,0.034947142200339,0.9999853491046408,0.9999221424073764,0.0038276488029941,0.99994335746989,0.9999643135719978,2.0956102107838603e-05,0.9575672054754328,0.3115909389795515,0.2839105460103436,1.4526929752882038,4.588604322495688,-265.0050516953926,0.7503169070773339,True,0.5613340925947341,0.5613340925947341,4.609292266610776e-05
dsgdb9nsd_000224,True,207,-269.9857873822,0.751223,True,168,174,25.0,25.0,24.0,24.0,0.0,0.0,True,0,0,0,0,0.959416468322824,0.0042214705198921,0.2014535471943242,0.9986650402482734,0.9907395640201332,0.0365371010306867,0.9998951626214218,1.0000091880743671,0.0001140254529455,0.0095942686640319,9.828373611049294,1.8710440771806616,1.478139053360092,4.221613208131712,-270.0043261389441,0.7502889194585052,True,18.5387567441353,18.5387567441353,0.0009340805414947972
dsgdb9nsd_000225,True,284,-305.8302734695,0.750204,True,156,162,25.0,25.0,24.0,24.0,0.0,0.0,True,0,0,0,0,0.9592436070436254,4.121687023966645e-05,0.2018821263915523,0.9988030909785482,0.9915316735513554,0.0345963729522588,0.999941565943386,0.9999917338578844,5.016791449852232e-05,0.0106059114214959,6.702196866185354,1.8980889863212145,0.79006521356934,1.4827558175779314,-305.8303910641743,0.7501993132586193,True,0.11759467429328652,0.11759467429328652,4.686741380655057e-06
dsgdb9nsd_000259,True,383,-285.9330441894,0.763359,True,162,168,25.0,25.0,24.0,24.0,0.0,0.0,True,0,0,0,0,0.9999827191324172,0.9997061511288592,0.0041570262908516,0.9999924744004008,0.9999279712690828,0.0027432826320494,1.0000095873530437,1.0000092266761955,-3.606768479436085e-07,0.9999824292821712,0.0060099212064567,0.0081157920345439,0.0157787130951389,0.0407275213397855,-285.93306080862055,0.7660236428458802,True,0.01661922055973264,0.01661922055973264,-0.002664642845880194
dsgdb9nsd_000279,True,12,-304.6854428049,0.780861,True,144,150,24.0,24.0,23.0,23.0,0.0,0.0,True,0,0,0,0,0.9999922057691104,0.9999242377567586,0.0027918149812489,0.999992221392296,0.9999285343104029,0.0027890155438238,1.0000196967703447,1.0000196501811538,-4.6589190949575254e-08,0.999993612083958,0.003792067579396,0.0024847882718205,0.0006421978802444,0.0013541915150529,-304.68489461803597,0.780776790753535,True,-0.5481868640231369,0.5481868640231369,8.420924646501682e-05
dsgdb9nsd_000283,True,306,-336.6912443839,0.759798,True,132,138,24.0,24.0,23.0,23.0,0.0,0.0,True,0,0,0,0,0.999993653451432,0.9999418098463682,0.0025192357111106,0.9999940257816562,0.9999408749913892,0.0024442214186963,1.0000070593499288,1.0000061643589813,-8.949909475752804e-07,0.9999876639372044,0.0050043345110745,0.0039858387525372,0.0002019068155071,0.0003447422539806,-336.69043733121504,0.759775676857064,True,-0.8070526849905946,0.8070526849905946,2.2323142935931628e-05
dsgdb9nsd_000284,True,280,-270.0127018771,0.750254,True,168,174,25.0,25.0,24.0,24.0,0.0,0.0,True,0,0,0,0,0.9593553080822794,0.001529388447688,0.2016052874250096,0.9988545362911752,0.992875644733096,0.0338446998631202,1.000053519809765,1.0000122362063588,-4.128360340627246e-05,-0.0029785075152547,9.171312112997697,1.8601464235877048,1.045361837206575,2.5833159612174783,-270.01482883092,0.7501946191340636,True,2.126953819981736,2.126953819981736,5.9380865936375926e-05
dsgdb9nsd_000285,True,266,-286.039725611,0.750208,True,162,168,25.0,25.0,24.0,24.0,0.0,0.0,True,0,0,0,0,0.959253477441206,0.0001095267065702,0.2018576789691047,0.9985758627091176,0.9901557734513752,0.0377377435849359,0.9999172674732726,0.9999985733378656,8.13058645930953e-05,-0.0029136844429574,6.86319451729039,1.9744521354229787,0.5760784352073137,1.3652628587859348,-286.0393184498352,0.7502051515362993,True,-0.40716116478733966,0.40716116478733966,2.848463700688697e-06
dsgdb9nsd_000299,True,18,-269.9637927014,0.750216,True,168,174,25.0,25.0,24.0,24.0,0.0,0.0,True,0,0,0,0,0.9977703738063785,0.9447330595629788,0.0472189177514853,0.9999790636726564,0.9998800224011418,0.0045756231644933,1.0000206467498636,0.9999908029267616,-2.9843823102115863e-05,0.9377661281065018,0.4118776337904115,0.3626516683252084,1.0722844897212471,3.440069143926291,-269.9653940442191,0.7502096763603703,True,1.6013428191286039,1.6013428191286039,6.3236396297128294e-06
dsgdb9nsd_000302,True,23,-269.9675132574,0.750245,True,168,174,25.0,25.0,24.0,24.0,0.0,0.0,True,0,0,0,0,0.9990445398847494,0.9764720609197516,0.0309105178741906,0.9999845744267134,0.999907043287536,0.003927540360905,0.9999840722705138,0.999984554233856,4.819633423469583e-07,0.9799354403748348,0.2469352972650535,0.253540056832525,0.6642294745936244,1.782782020082608,-269.96820493384905,0.7502468229278527,True,0.6916764490370042,0.6916764490370042,-1.8229278526682435e-06
dsgdb9nsd_000303,True,15,-269.9689652802,0.750172,True,168,174,25.0,25.0,24.0,24.0,0.0,0.0,True,0,0,0,0,0.999905825826878,0.998000235108338,0.0097043378507835,0.9999847323956512,0.99991705368932,0.0039073781937095,0.9997045373925276,0.9996976261730413,-6.9112194865939e-06,0.9988073595555292,0.0492589695952225,0.0546350864350269,0.2194748818628243,0.6191934296524393,-269.9686987342633,0.7501712218312591,True,-0.26654593671082694,0.26654593671082694,7.781687408892068e-07
dsgdb9nsd_000304,True,15,-250.120818734,0.750251,True,174,180,25.0,25.0,24.0,24.0,0.0,0.0,True,0,0,0,0,0.999426762334091,0.9859002460644442,0.0239423822103987,0.9999877570597429,0.9998853235439996,0.0034989913199499,0.999978479394271,0.9999783079064868,-1.71487784195179e-07,0.985035298020006,0.178337502397677,0.1823115172455456,0.9450264359202826,3.143066888383399,-250.12222169654316,0.7502206165851746,True,1.4029625431533077,1.4029625431533077,3.0383414825418953e-05
dsgdb9nsd_000306,True,281,-268.8136859671,0.750305,True,156,162,24.0,24.0,23.0,23.0,0.0,0.0,True,0,0,0,0,0.9574041055305076,0.000569590705606,0.206387728485713,0.9985751832707448,0.9905644472794742,0.0377467446179838,0.9998984794061972,0.9999976017701744,9.91223639773553e-05,-0.0079710471163537,9.6087905524017,1.984226887371825,1.8052610952484367,4.27725412403415,-268.8158820858668,0.7502595779789196,True,2.196118766789823,2.196118766789823,4.542202108037685e-05
dsgdb9nsd_000307,True,216,-284.835970691,0.750264,True,150,156,24.0,24.0,23.0,23.0,0.0,0.0,True,0,0,0,0,0.9577102473669846,0.0005440520523051,0.2056447243014403,0.9987116115749488,0.9921324953024234,0.0358941280023782,0.9999624543634176,1.0000833215056286,0.0001208671422109,0.0098842608348395,8.226963972341757,1.9111350154794773,1.0708264203229896,2.830682998287368,-284.83579243278535,0.7502567176041133,True,-0.1782582146461209,0.1782582146461209,7.282395886765158e-06
dsgdb9nsd_000317,True,28,-268.7255017208,0.750183,True,156,162,24.0,24.0,23.0,23.0,0.0,0.0,True,0,0,0,0,0.9980310684811272,0.9530868986672224,0.0443726438120707,0.9999838355858344,0.999911293327698,0.0040204992433611,0.9999535201808162,0.9999708885561176,1.736837530141866e-05,0.9520808402434988,0.3697303689493631,0.3504487728278743,1.5242962471617594,3.123167454903361,-268.7279247065717,0.7501512430700465,True,2.422985771659114,2.422985771659114,3.175692995349699e-05
dsgdb9nsd_000329,True,220,-262.66584755,0.750323,True,132,138,22.0,22.0,21.0,21.0,0.0,0.0,True,0,0,0,0,0.9534719442021484,0.0012245137739933,0.2157036295426013,0.9991664903705482,0.9965703042199686,0.0288705668363454,0.9999626791097292,1.0000020936298997,3.941452017042213e-05,0.0492557384968873,5.876781515995009,2.003274424482127,1.6781983891836143,3.056339216174829,-262.666126820556,0.7503159333280642,True,0.2792705559500064,0.2792705559500064,7.066671935729296e-06
dsgdb9nsd_000360,True,173,-286.0301522824,0.75016,True,162,168,25.0,25.0,24.0,24.0,0.0,0.0,True,0,0,0,0,0.9600095505590044,0.0018264558131183,0.1999761221771134,0.9999280342055432,0.9996036721225484,0.0084832655538251,0.9999966154400136,0.9999231233116416,-7.349212837193253e-05,0.3874839507940532,1.0041749374469462,1.1313583695032956,0.4821557696460244,1.1736544235489694,-286.0296605230214,0.7501607598087148,True,-0.49175937863310537,0.49175937863310537,-7.598087147231425e-07
dsgdb9nsd_000399,True,18,-247.8086530792,0.750259,True,150,156,23.0,23.0,22.0,22.0,0.0,0.0,True,0,0,0,0,0.9986338050114312,0.968814451086646,0.0369620750035588,0.9999872792475027,0.9999065703242452,0.0035666163933592,0.9999220234321304,0.9999303022144508,8.278782320236822e-06,0.9782194281846268,0.2821194560810799,0.2603261703131221,1.4218081228844477,4.400737263142513,-247.81230842486806,0.7501736314842589,True,3.6553456680508134,3.6553456680508134,8.536851574114657e-05
dsgdb9nsd_000401,True,22,-263.7954661504,0.750206,True,144,150,23.0,23.0,22.0,22.0,0.0,0.0,True,0,0,0,0,0.999460945444303,0.9878626929938054,0.023217548442872,0.9999862007229624,0.9998801684667884,0.003714737815478,0.9999559713651318,0.9999680889466932,1.2117581561499335e-05,0.991006046370547,0.1525737227747011,0.1513897669838807,1.1028050473530275,3.238697347953245,-263.7964825099549,0.7501873428699106,True,1.0163595549101956,1.0163595549101956,1.8657130089416718e-05
dsgdb9nsd_000407,True,220,-268.8019984112,0.7503,True,156,162,24.0,24.0,23.0,23.0,0.0,0.0,True,0,0,0,0,0.9933701170521454,0.8412961136581336,0.0814240931656885,0.9999822093450944,0.9999070627566964,0.0042178969766462,0.999920988742466,0.9999238420170484,2.853274582492737e-06,0.893730675246335,0.4573330709901581,0.5667943544071192,0.2296448128606755,0.3902660759190494,-268.79069918407265,0.7512233555208567,True,-11.29922712732423,11.29922712732423,-0.0009233555208567612
dsgdb9nsd_000419,True,144,-268.8150052247,0.750273,True,156,162,24.0,24.0,23.0,23.0,0.0,0.0,True,0,0,0,0,0.999614184562982,0.9908436439479908,0.0196421851385786,0.9999952210817245,0.9999679565042376,0.0021860737123471,1.0000804477712992,1.0000888873982243,8.43962692531619e-06,0.99286655990218,0.1362365185936111,0.1324186306686396,1.4361892968526884,3.125536155247852,-268.8156422124225,0.7502422399344262,True,0.6369877225438358,0.6369877225438358,3.076006557378719e-05
dsgdb9nsd_000422,True,96,-304.661227043,0.750188,True,144,150,24.0,24.0,23.0,23.0,0.0,0.0,True,0,0,0,0,0.999283369200982,0.9829190774183236,0.02676996075862,0.9999944491860194,0.9999720717228584,0.0023560165493081,0.9998315575933636,0.9998146619545742,-1.6895638789371503e-05,0.988689765687867,0.18507886196514,0.1891770894934459,1.041273441369588,2.89720264657914,-304.6620340782763,0.7501754420417939,True,0.8070352762956645,0.8070352762956645,1.2557958206094177e-05
dsgdb9nsd_000424,True,255,-304.6213127779,0.75024,True,144,150,24.0,24.0,23.0,23.0,0.0,0.0,True,0,0,0,0,0.963672926144522,0.1453661921458903,0.1905966260338258,0.9987906380474268,0.991838835760645,0.0347758817655784,1.0001134478880265,1.000007867260303,-0.0001055806277232,0.0876310553218977,9.745202095269669,1.885609937007256,0.9873605602596917,2.440027002451115,-304.62128856602794,0.7502308645536822,True,-0.0242118720734652,0.0242118720734652,9.135446317865004e-06
dsgdb9nsd_000430,True,121,-320.6178538778,0.750185,True,138,144,24.0,24.0,23.0,23.0,0.0,0.0,True,0,0,0,0,0.9999812709049126,0.9996847187889876,0.0043277124543402,0.9999933957866188,0.9999522361531872,0.0025698664131549,0.9999259132683418,0.9999288933239424,2.980055600732001e-06,0.9997802995565084,0.021344722172066,0.0195681039086277,0.1308674511124623,0.3504936632789112,-320.61690684302687,0.7501890401306106,True,-0.9470347731053153,0.9470347731053153,-4.040130610616366e-06
dsgdb9nsd_000441,True,171,-319.4941239456,0.75034,True,126,132,23.0,23.0,22.0,22.0,0.0,0.0,True,0,0,0,0,0.9564076989875192,6.73235132524274e-11,0.2087876936327449,0.9997189505135998,0.9959343434032272,0.0167645306048287,0.9999618330526386,1.0000135257263152,5.169267367655106e-05,-0.0587182680434057,1.2592803885663322,1.3528417144232052,1.3843716119605345,3.33348464402919,-319.4713713153825,0.753221422869025,True,-22.752630217496517,22.752630217496517,-0.002881422869025041
dsgdb9nsd_000487,True,18,-230.5391344271,0.750562,True,144,150,22.0,22.0,21.0,21.0,0.0,0.0,True,0,0,0,0,0.9994010615461016,0.9869533010531516,0.0244732191159735,0.999993220845077,0.9999736364944228,0.0026036810332552,0.999958108099826,0.999960547083076,2.4389832500304465e-06,0.981860772557483,0.2407902245462407,0.1853168113351266,4.181544165737889,7.516501667624592,-230.5405816068431,0.7504882045596979,True,1.4471797430815059,1.4471797430815059,7.37954403020602e-05
dsgdb9nsd_000489,True,29,-262.6535905945,0.750257,True,132,138,22.0,22.0,21.0,21.0,0.0,0.0,True,0,0,0,0,0.9545245287848836,5.8386234833008265e-08,0.2132497859673403,0.9999845869656292,0.9999465065313956,0.0039259437554049,0.9999288814209328,0.99998594706218,5.706564124707825e-05,0.6358410379954992,0.8457978527460739,0.8142253210894358,0.8357007645489573,1.4142406711936188,-262.6693019199742,0.750510002089289,True,15.711325474228488,15.711325474228488,-0.0002530020892890228
dsgdb9nsd_000502,True,72,-304.6358492051,0.751264,True,144,150,24.0,24.0,23.0,23.0,0.0,0.0,True,0,0,0,0,0.958256583493197,0.0007837224522758,0.2043120566848733,0.999879057806672,0.99898714030121,0.0109973721100997,0.999954652672696,1.000072392761464,0.0001177400887681,0.2081349967864536,1.272083989365853,1.3809484744620932,0.8250627265628553,2.038366165415669,-304.64669054926185,0.750275052182225,True,10.841344161860889,10.841344161860889,0.0009889478177750322
dsgdb9nsd_000574,True,22,-247.8077826268,0.750232,True,150,156,23.0,23.0,22.0,22.0,0.0,0.0,True,0,0,0,0,0.998459337409442,0.9648135758034786,0.0392512750182471,0.9999869349873148,0.9999039416963018,0.0036145556691371,0.9999765074870488,0.9999770759375524,5.684505035574716e-07,0.9674144605227574,0.2870824919644315,0.2781717564234415,1.2886929057614256,3.816825704470201,-247.8093962846212,0.7502055334820099,True,1.613657821195602,1.613657821195602,2.6466517990098026e-05
dsgdb9nsd_000591,True,19,-269.9515122361,0.750182,True,168,174,25.0,25.0,24.0,24.0,0.0,0.0,True,0,0,0,0,0.9995355749418028,0.9886001799401744,0.0215505233856887,0.9999905863619656,0.99993170745213,0.0030681652553858,0.999837107497084,0.9998459301917396,8.822694655630237e-06,0.9897609604829016,0.1439463395959972,0.1538958015146692,0.4048935346328574,1.1789446531365653,-269.95155773492274,0.7501660459449226,True,0.045498822771605774,0.045498822771605774,1.5954055077371798e-05
dsgdb9nsd_000609,True,279,-284.7983080702,0.750209,True,150,156,24.0,24.0,23.0,23.0,0.0,0.0,True,0,0,0,0,0.9576305739928058,0.0068630791054265,0.2058383492141205,0.998297096358528,0.989575624680258,0.0412662530583065,1.0000382212743428,0.9999991592742276,-3.906200011516425e-05,0.0271549132050518,9.122412416703105,2.006207321314597,1.2826775411824265,3.1868826045776264,-284.79877340121635,0.7501887440712594,True,0.4653310163575952,0.4653310163575952,2.025592874066451e-05
dsgdb9nsd_000664,True,19,-304.5580499311,0.750194,True,144,150,24.0,24.0,23.0,23.0,0.0,0.0,True,0,0,0,0,0.9999865441226232,0.9998372926962829,0.0036682253715857,0.9999929439470598,0.999948956594969,0.0026563231994916,1.000035766535898,1.0000354871226238,-2.7941327407354777e-07,0.9998380790153196,0.018042777310211,0.0201225637048523,0.0149583221001117,0.0308505611125704,-304.5572837104314,0.7501936865290162,True,-0.7662206685949968,0.7662206685949968,3.1347098383704974e-07
dsgdb9nsd_000670,True,206,-283.6066376707,0.750245,True,138,144,23.0,23.0,22.0,22.0,0.0,0.0,True,0,0,0,0,0.9561226791957254,0.0032306746579486,0.209469140458146,0.9996155541653492,0.9980669973421096,0.0196072903444296,0.9999063450232316,1.0001269777131374,0.0002206326899059,-0.0583772472389789,3.6316300435691344,1.7506754210509643,1.256533313153315,2.585122495906373,-283.60733005704907,0.7501636182487665,True,0.6923863490442272,0.6923863490442272,8.138175123351132e-05
dsgdb9nsd_000706,True,17,-304.5667666832,0.750106,True,144,150,24.0,24.0,23.0,23.0,0.0,0.0,True,0,0,0,0,0.9582499283068046,6.050303228362375e-05,0.2043283428533482,0.9999001994768798,0.9994646293509488,0.009990021177173,0.99992822436437,1.0000040546145563,7.583025018664813e-05,0.3397097759514859,1.2848317814260053,1.2706193374448689,1.0682123659878566,1.433175123849618,-304.55413363178377,0.750145712451527,True,-12.6330514162305,12.6330514162305,-3.971245152689651e-05
dsgdb9nsd_000711,True,23,-263.6607880844,0.750163,True,144,150,23.0,23.0,22.0,22.0,0.0,0.0,True,0,0,0,0,0.956498952738,6.0820078028722085e-05,0.2085690467495117,0.9999731989203132,0.9996295696639144,0.0051769759210031,0.9999956426971444,1.0001090316248125,0.0001133889276681,0.7757695150594542,0.6366482484401672,0.6826133797720247,0.2327994467855082,0.3245894992239999,-263.6421237727416,0.7501356620147135,True,-18.66431165836957,18.66431165836957,2.7337985286535194e-05
dsgdb9nsd_000713,True,22,-303.321045438,0.750092,True,132,138,23.0,23.0,22.0,22.0,0.0,0.0,True,0,0,0,0,0.9999917319753036,0.999921338269829,0.0028754173081906,0.9999919094397934,0.9999199218063098,0.0028443910080622,0.9999999794380908,0.999999257637212,-7.218008786225028e-07,0.9998704798078228,0.0161647844441459,0.006597044686498,0.0035602635865868,0.0048847888701764,-303.3201345093411,0.7500905735474248,True,-0.9109286589250587,0.9109286589250587,1.4264525751706003e-06
dsgdb9nsd_000749,True,345,-279.746349457,0.794895,True,138,144,23.0,23.0,22.0,22.0,0.0,0.0,True,0,0,0,0,0.9550002593479328,0.0011395183023802,0.2121314230661438,0.9980987075755104,0.9817501270737988,0.0436038120408017,0.9999109707527792,0.9999850242056824,7.405345290312226e-05,0.0254844213343705,10.384400787776764,2.2589674527053023,1.1592387442769871,3.2769415553570447,-279.78636447758055,0.7501729882619514,True,40.015020580540295,40.015020580540295,0.04472201173804857
dsgdb9nsd_000846,True,357,-338.6928728846,0.750447,True,162,169,27.0,27.0,26.0,26.0,0.0,0.0,True,0,0,0,0,0.9619231246970537,3.837868080482487e-05,0.1951329682625327,0.9985757442885804,0.9775137986357127,0.037739312545668,0.9999281821948846,0.999978474900783,5.029270589840262e-05,-0.008727743099396,6.486432549277082,2.0160739896031394,0.8332788203752031,1.6468468341275582,-338.6924362457763,0.7501984019715877,True,-0.4366388236576313,0.4366388236576313,0.0002485980284122613
dsgdb9nsd_000876,True,191,-354.6955876674,0.750222,True,156,163,27.0,27.0,26.0,26.0,0.0,0.0,True,0,0,0,0,0.9999646722016952,0.9991483508157966,0.0059437192316668,0.9999957192592498,0.9999719030941592,0.0020689951063756,0.9999290731207804,0.999929015580024,-5.7540756492890934e-08,0.9991972674442589,0.0450648987507691,0.0418140413567923,0.1720534788045438,0.422890149374205,-354.6946842174422,0.7501762776824492,True,-0.9034499577751376,0.9034499577751376,4.572231755084477e-05
dsgdb9nsd_000934,True,317,-301.6978970834,0.859253,True,162,169,26.0,26.0,25.0,25.0,0.0,0.0,True,0,0,0,0,0.9999907644286888,0.9999175149335298,0.0030390082776003,0.99999209502513,0.9999456626542688,0.0028115787149055,1.0000138851146203,1.0000125549891297,-1.3301254906394888e-06,0.9999780247489772,0.0067797601065474,0.0040872233604011,0.0066615884292022,0.0166558739883057,-301.69753802474725,0.8589780181508146,True,-0.35905865274799,0.35905865274799,0.00027498184918539614
dsgdb9nsd_000994,True,432,-358.5027220641,0.752986,True,156,163,27.0,27.0,26.0,26.0,0.0,0.0,True,0,0,0,0,0.9999589403657242,0.9990719610141744,0.0064077791999897,0.9999924337115798,0.999940024677036,0.0027506887174359,0.9999437816112302,0.9999454698558908,1.6882446605137602e-06,0.9935906626017303,0.1239628535310382,0.0552636314789566,0.3463695927348273,0.9442023972034614,-358.5023203931251,0.752386919003925,True,-0.40167097489529624,0.40167097489529624,0.0005990809960750854
dsgdb9nsd_001302,True,152,-323.8705449498,0.75018,True,180,187,28.0,28.0,27.0,27.0,0.0,0.0,True,0,0,0,0,0.964244659917553,1.3408555321073969e-05,0.1890908249557524,0.9999554237778528,0.999716338502936,0.0066765426791927,0.9998750503286612,0.999974769155255,9.971882659387532e-05,0.5389965461972536,0.9687285000678534,1.0871225451645774,0.801986123021412,2.360747564465236,-323.8528176825188,0.750097165286526,True,-17.72726728120233,17.72726728120233,8.283471347392268e-05
dsgdb9nsd_001303,True,202,-323.8247498374,0.75014,True,180,187,28.0,28.0,27.0,27.0,0.0,0.0,True,0,0,0,0,0.9634952464781716,0.0003786147653583,0.1910621718756187,0.9986506009207052,0.9898444105814678,0.0367341677365212,1.00000895484002,0.9999889385643548,-2.0016275665168948e-05,0.0157239034458272,8.512626288650404,1.9956272381165496,1.4154258691535215,3.846319732810164,-323.84535615198666,0.7501731021666451,True,20.606314586643748,20.606314586643748,-3.310216664509369e-05
dsgdb9nsd_001304,True,233,-343.6806743158,0.750132,True,174,181,28.0,28.0,27.0,27.0,0.0,0.0,True,0,0,0,0,0.9648175185375356,0.0372371147462617,0.1875699375232198,0.9984800578590336,0.9867068946862944,0.0389864353457227,0.9999424679601508,1.0000091715758093,6.670361565841443e-05,0.041685522873547,10.36955721761164,2.088066982975352,1.057563279754768,2.478568844897861,-343.6825930916405,0.7501122253709305,True,1.9187758405223576,1.9187758405223576,1.9774629069546634e-05
dsgdb9nsd_001357,True,14,-344.8234987172,0.750185,True,186,193,29.0,29.0,28.0,28.0,0.0,0.0,True,0,0,0,0,0.9996437440498426,0.9901097976307276,0.0188747437110368,0.9999836843237204,0.9998760814876964,0.0040392667997591,1.0000711026356803,1.0000647482156593,-6.354420021059681e-06,0.9936994351956246,0.1234248692779828,0.1354143272110022,0.4775651071733566,1.37502163921524,-344.82352123192624,0.7501782836018194,True,0.022514726254030393,0.022514726254030393,6.716398180617311e-06
dsgdb9nsd_001776,True,186,-343.6638012329,0.750228,True,174,181,28.0,28.0,27.0,27.0,0.0,0.0,True,0,0,0,0,0.9664727815889458,0.0841958222281152,0.1831043921129533,0.9985740470851008,0.990236704992204,0.0377617917331667,1.0001418298643197,0.9999879127996782,-0.0001539170646414,0.0719027730564296,7.783228095898102,1.9442049026474304,1.0514107809755933,2.457602306956057,-343.6653839186068,0.7501964254903477,True,1.5826857067509081,1.5826857067509081,3.157450965229902e-05
dsgdb9nsd_001821,True,16,-341.3950249493,0.788982,True,150,157,26.0,26.0,25.0,25.0,0.0,0.0,True,0,0,0,0,0.9999921908416212,0.99991353904768,0.0027944871405575,0.9999919536761632,0.9999139627303912,0.0028366042792365,1.0000050378720426,1.0000043200606017,-7.178114409533976e-07,0.9999884392910234,0.0048477020943532,0.0034545581098369,0.012323639482618,0.0290557857121653,-341.3944493799717,0.7889912114652873,True,-0.5755693283049368,0.5755693283049368,-9.211465287317644e-06
dsgdb9nsd_001910,True,125,-342.4724824504,0.750216,True,162,169,27.0,27.0,26.0,26.0,0.0,0.0,True,0,0,0,0,0.999926615046605,0.9982076042449556,0.0085665018178481,0.9999919759929,0.9999447001862466,0.0028326678414729,0.999898301391936,0.99990227981421,3.978422273842597e-06,0.9993884209826432,0.040034072024009,0.0528336937046779,0.3505649900672196,0.7803043228766866,-342.47202935293564,0.7502135076734326,True,-0.4530974643444097,0.4530974643444097,2.4923265673493233e-06
dsgdb9nsd_002157,True,111,-323.8699732134,0.750217,True,180,187,28.0,28.0,27.0,27.0,0.0,0.0,True,0,0,0,0,0.9985647865298556,0.9600715250755776,0.0378842113570377,0.9999897288682796,0.9999310052557284,0.003204860639741,0.9999361119152398,0.9999524062998004,1.6294384560522346e-05,0.9708172494496192,0.2500934464646979,0.27307883820894,0.9521675876872993,3.034773137335059,-323.8717340077017,0.7501748090174836,True,1.760794301731039,1.760794301731039,4.219098251645459e-05
dsgdb9nsd_002192,True,106,-343.7054299451,0.750183,True,174,181,28.0,28.0,27.0,27.0,0.0,0.0,True,0,0,0,0,0.999713756067217,0.9922087599327092,0.0169187450120528,0.9999907789651084,0.999944166755297,0.0030366156970601,0.9995569990392518,0.9995041133672304,-5.288567202132999e-05,0.9943703028799564,0.1203398054689265,0.1146999327741107,0.437917174803799,1.0497523733764376,-343.70573885193244,0.7501737773969346,True,0.3089068324584332,0.3089068324584332,9.222603065461854e-06
dsgdb9nsd_002195,True,226,-379.4991901717,0.750295,True,162,169,28.0,28.0,27.0,27.0,0.0,0.0,True,0,0,0,0,0.9663000443365378,0.0781167707000424,0.1835754767485628,0.998786839451648,0.989564696550332,0.0348304543230764,0.9998501213051834,0.9999936110840696,0.0001434897788861,0.037522261198036,7.295111010518743,1.9470984560796376,0.6992174093620535,1.650817114810086,-379.4982503807573,0.7502981394747827,True,-0.9397909426525075,0.9397909426525075,-3.1394747826984926e-06
dsgdb9nsd_002196,True,90,-307.8563175315,0.750312,True,186,193,28.0,28.0,27.0,27.0,0.0,0.0,True,0,0,0,0,0.9993557912069844,0.9821653045496797,0.0253812685462234,0.9999921565506812,0.9999526600877204,0.0028006158820464,0.9999301914808384,0.999958642187601,2.8450706762717104e-05,0.987910214377127,0.1891854316870138,0.1807876938001039,1.6213452734496538,3.637030291419353,-307.8574876001354,0.75026291113155,True,1.170068635417465,1.170068635417465,4.908886845000904e-05
dsgdb9nsd_002200,True,154,-343.6667421589,0.750259,True,174,181,28.0,28.0,27.0,27.0,0.0,0.0,True,0,0,0,0,0.9998691036014816,0.9965257003346458,0.0114409963953406,0.9999925167936526,0.9999460879290608,0.002735544981786,0.9999085248798614,0.9999000915636462,-8.433316215139541e-06,0.9961166384186212,0.0931243178481591,0.0904879033178578,0.2821755595577817,0.7003302879803869,-343.6662289779334,0.7502596753067792,True,-0.5131809666067966,0.5131809666067966,-6.753067791631651e-07
dsgdb9nsd_002494,True,78,-304.2046337235,0.773517,True,150,157,25.0,25.0,24.0,24.0,0.0,0.0,True,0,0,0,0,0.9999631335505068,0.9991928991346848,0.0060717748223298,0.9999932808471054,0.9999548336298124,0.0025921328852351,1.000002357327425,1.0000007363937464,-1.620933678614378e-06,0.9999753669582564,0.0084845156174582,0.0121578513435251,0.125106264007937,0.2263426133595804,-304.20434784364164,0.7731840374719248,True,-0.2858798583815769,0.2858798583815769,0.0003329625280752424
dsgdb9nsd_002563,True,392,-336.2900839421,0.750934,True,138,145,25.0,25.0,24.0,24.0,0.0,0.0,True,0,0,0,0,0.962088421519907,0.0895726304659754,0.1947089583971238,0.9990217554154248,0.9944095028936174,0.03127690177392,1.000025008510698,1.0000107576059198,-1.4250904778245754e-05,0.2886817786065305,6.055316560916679,2.1493652478929244,2.0472821850708427,4.081789790787042,-336.2921155904397,0.7506826977981973,True,2.031648339709591,2.031648339709591,0.00025130220180269447
dsgdb9nsd_002565,True,21,-321.4931475633,0.750224,True,156,163,26.0,26.0,25.0,25.0,0.0,0.0,True,0,0,0,0,0.9605733803113996,2.747580114956134e-05,0.1985613751176212,0.9985824107671358,0.9914471923759388,0.0376508862161873,1.0000074271982264,1.0000765786076276,6.915140940111364e-05,0.0234535813821839,1.0055281487009096,1.5730588598451454,0.7372280199599139,1.3712677480851827,-321.4873575907378,0.7722522088303343,True,-5.789972562183721,5.789972562183721,-0.022028208830334295
dsgdb9nsd_002812,True,21,-304.1841475496,0.750253,True,150,157,25.0,25.0,24.0,24.0,0.0,0.0,True,0,0,0,0,0.9988264660228984,0.9709502714727803,0.0342568821859453,0.9999874941770952,0.9999268155789216,0.0035363572931714,1.0000034569744645,0.9999995998717224,-3.857102742088614e-06,0.9832981483941756,0.2641228182102504,0.2498940191674798,1.2097302888351584,2.3827594445185776,-304.1847009823441,0.750192543076821,True,0.553432744084148,0.553432744084148,6.045692317890872e-05
dsgdb9nsd_002814,True,19,-300.5124969637,0.750222,True,150,157,25.0,25.0,24.0,24.0,0.0,0.0,True,0,0,0,0,0.959963137819904,9.936366278898404e-07,0.2000921342284502,0.9999593258758902,0.9997605755751366,0.006377626839961,1.0000167161776454,1.0000338662198982,1.7150042252778164e-05,0.5358179215895889,1.0052573159473857,1.033254132540905,0.9306516302967682,1.707945311165763,-300.48281856830516,0.7501913795659227,True,-29.678395394853396,29.678395394853396,3.0620434077310854e-05
dsgdb9nsd_002825,True,291,-342.4936593497,0.750543,True,162,169,27.0,27.0,26.0,26.0,0.0,0.0,True,0,0,0,0,0.9663768042801604,0.1127078103854488,0.1833662883952213,0.9987813449651678,0.9915149070191914,0.0349092399635424,1.000039599354709,0.9999993017166472,-4.029763806190356e-05,0.1416010493758751,7.645210855165103,1.914352181461191,1.3627945768687872,3.650994736428247,-342.49565368441984,0.7503541996885446,True,1.9943347198250194,1.9943347198250194,0.000188800311455406
dsgdb9nsd_003191,True,4677,-269.6304680661,0.893907,True,174,181,26.0,26.0,25.0,25.0,0.0,0.0,True,0,0,0,0,0.9979230436802352,0.9578376906629869,0.045573636235928,0.9994237857595152,0.9866730409068034,0.0240044629284809,0.999853801946984,0.9999166510287922,6.284908180820281e-05,0.4834644309943823,4.603238631451623,0.8429146227541058,0.637591169678544,1.4627904799097249,-269.63122029288184,0.7505902599542793,True,0.7522267818558248,0.7522267818558248,0.1433167400457207
dsgdb9nsd_003381,True,292,-306.6351929392,0.750138,True,174,181,27.0,27.0,26.0,26.0,0.0,0.0,True,0,0,0,0,0.9622071298150904,0.005076757708274,0.1944038841816431,0.9986063457848436,0.990225130447886,0.037331678440119,0.9999919030335004,0.9999725610994208,-1.93419340795975e-05,0.0097886036543817,10.199537262217904,2.044522113229485,0.9129281830011774,1.7074312868230153,-306.6353320050211,0.7501250741347221,True,0.13906582108802468,0.13906582108802468,1.2925865277901849e-05
dsgdb9nsd_003652,True,347,-302.8563503034,0.750262,True,174,181,27.0,27.0,26.0,26.0,0.0,0.0,True,0,0,0,0,0.9619223592276414,0.0001037605558928,0.1951349296572978,0.9988736944945896,0.9823116589173853,0.0335604753454189,0.9998166533282596,0.9998474138587912,3.076053053163719e-05,-0.0269057789585386,7.401051891924901,2.017553198989798,1.327744448556205,4.102648620788725,-302.85665843111497,0.7503256877491893,True,0.3081277149590278,0.3081277149590278,-6.368774918930065e-05
dsgdb9nsd_003653,True,417,-322.6209619112,0.911553,True,168,175,27.0,27.0,26.0,26.0,0.0,0.0,True,0,0,0,0,0.9610418176057144,2.738246969381404e-06,0.1973782723459849,0.9975116727785124,0.952769662883588,0.0498831356420927,0.9996645750726504,0.9999139579644074,0.0002493828917569,0.2459382476013032,1.721603819636462,1.3921712748081416,1.752065277602905,4.930215966634336,-322.65203322814847,0.855174344957959,True,31.071316948441563,31.071316948441563,0.05637865504204098
dsgdb9nsd_003680,True,395,-322.64999066,0.810894,True,168,175,27.0,27.0,26.0,26.0,0.0,0.0,True,0,0,0,0,0.9693417242683046,0.1968781083734384,0.175095047707511,0.9983256676540836,0.980283950154104,0.0409186063535457,0.999901035738514,1.0000199170100723,0.0001188812715582,0.0483232526164169,6.282225593718255,2.021311859997011,0.4232654241059091,0.7565894547157628,-322.62203912831495,0.7505792984531681,True,-27.951531685062037,27.951531685062037,0.06031470154683194
dsgdb9nsd_003701,True,73,-318.7878642267,0.849862,True,168,175,27.0,27.0,26.0,26.0,0.0,0.0,True,0,0,0,0,0.9997892372258682,0.9947124736065128,0.0145176710987614,0.9999874474327276,0.9998656438768548,0.0035429602414237,1.0000036788390223,1.0000029244557052,-7.543833173695447e-07,0.9998429512324156,0.0180934637692143,0.0429173313815496,0.0174184990284083,0.0462955511525791,-318.7875282734322,0.8503693586072387,True,-0.33595326777913215,0.33595326777913215,-0.0005073586072387171
dsgdb9nsd_003716,True,55,-302.8513022091,0.750888,True,174,181,27.0,27.0,26.0,26.0,0.0,0.0,True,0,0,0,0,0.9998877045423816,0.9971216834325344,0.0105969551107153,0.9999933267321658,0.9999507671797928,0.0025832668917936,0.999940987473199,0.9999412433625025,2.558893033022258e-07,0.9992752484658678,0.0381999996388712,0.0469229528735677,0.4083530802419172,1.3030027276828542,-302.8513057958607,0.751027776543367,True,0.0035867606698047894,0.0035867606698047894,-0.00013977654336705392
dsgdb9nsd_003853,True,431,-350.8255634738,0.757417,True,156,163,27.0,27.0,26.0,26.0,0.0,0.0,True,0,0,0,0,0.9611905079404018,0.0002201430100102,0.1970012488782703,0.997462832850379,0.9624746834313704,0.0503703002732855,0.9999705207836552,0.9999947960645056,2.427528085036101e-05,-0.0992378339837056,6.70326193427979,2.185618494049533,0.7404006161056471,1.7364964237067797,-350.82469656083333,0.7537448478262547,True,-0.866912966671407,0.866912966671407,0.00367215217374528
dsgdb9nsd_003889,True,15,-370.575729054,0.821947,True,150,157,27.0,27.0,26.0,26.0,0.0,0.0,True,0,0,0,0,0.9999793200078751,0.9995820941623832,0.0045475259345043,0.9999935531850472,0.9999437830194824,0.0025390578868825,1.0000006271833548,0.9999992768049664,-1.3503783884427634e-06,0.9999896059793264,0.0047882062306473,0.0091295263955912,0.0078864859716533,0.0142731974139039,-370.574649058766,0.8217025488794825,True,-1.0799952340221353,1.0799952340221353,0.00024445112051751927
dsgdb9nsd_004117,True,93,-362.8184311751,0.759878,True,210,218,32.0,32.0,31.0,31.0,0.0,0.0,True,0,0,0,0,0.9993176787093928,0.9784841448261664,0.0261212804166839,0.9999890986241468,0.9999394241512216,0.0033017231642663,0.999920448543318,0.999952165078508,3.171653518996287e-05,0.995354635854926,0.0985234007409593,0.1844500268975787,2.132266152570783,4.6955276127396965,-362.81965169564114,0.760168517556675,True,1.2205205411532916,1.2205205411532916,-0.00029051755667497403
dsgdb9nsd_004953,True,16,-412.3279185254,0.789052,True,168,176,30.0,30.0,29.0,29.0,0.0,0.0,True,0,0,0,0,0.999993121266023,0.9999641068646796,0.0026227340652358,0.999994119583529,0.9999708824129004,0.002424957003934,0.9999878837930132,0.9999869186874863,-9.651055266068909e-07,0.999898837210025,0.0142705886218845,0.0160708879220548,0.0043857049891939,0.011216821884608,-412.3266754456538,0.7889892171388233,True,-1.2430797461888687,1.2430797461888687,6.278286117666898e-05
dsgdb9nsd_004958,True,2164,-308.7572120594,1.173212,True,204,212,30.0,30.0,29.0,29.0,0.0,0.0,True,0,0,0,0,0.9642480943930284,0.0345489087313786,0.1890817431878906,0.9962691500218396,0.9485170435512148,0.0610806841657866,0.9999672449496628,0.9999908658014904,2.3620851827721445e-05,0.095485544138401,0.995510329752794,0.9381398636875746,1.7550204694644669,4.573982332345422,-308.76025898610413,1.1618229291515476,True,3.0469267041439707,3.0469267041439707,0.01138907084845231
dsgdb9nsd_004973,True,16,-340.7368636951,0.806589,True,192,200,30.0,30.0,29.0,29.0,0.0,0.0,True,0,0,0,0,0.9999922601519544,0.9999434451382428,0.00278205823906,0.9999937560417508,0.9999489772939908,0.0024987913576966,1.0000045363237982,1.0000036205130072,-9.158107909801316e-07,0.9999799097006924,0.0064191852730887,0.0093241024474605,0.0091604658208091,0.0231956363293036,-340.7365101223512,0.806584743021034,True,-0.35357274879288525,0.35357274879288525,4.256978965999636e-06
dsgdb9nsd_006065,True,382,-382.7326272726,0.750243,True,204,212,32.0,32.0,31.0,31.0,0.0,0.0,True,0,0,0,0,0.968162678619288,0.0004427764317521,0.1784301582712741,0.9990204840876016,0.9928120706079536,0.0312972189243464,1.000042089395702,0.9999861372093728,-5.595218632936661e-05,0.0004275648624172,10.869625414943458,1.9717294437709825,0.9055184345061088,2.307367580492343,-382.74502247484116,0.7501690965052319,True,12.395202241179959,12.395202241179959,7.390349476810165e-05
dsgdb9nsd_006124,True,159,-346.8921983254,0.750242,True,216,224,32.0,32.0,31.0,31.0,0.0,0.0,True,0,0,0,0,0.9988113436242766,0.9623380316446952,0.0344768962600094,0.9999876539676829,0.9999230882132684,0.003513692120445,1.0000828313162438,1.000100402622486,1.7571306242247786e-05,0.9619634951646872,0.3191965458577177,0.2960550523387145,1.277334118564098,3.2416465126602763,-346.8950219009283,0.7501675444124878,True,2.8235755283390063,2.8235755283390063,7.445558751217884e-05
dsgdb9nsd_007000,True,163,-382.7433431736,0.750188,True,204,212,32.0,32.0,31.0,31.0,0.0,0.0,True,0,0,0,0,0.9679334554004756,1.3630972575265678e-05,0.1790713394140009,0.9985184405564794,0.9856237581944556,0.038491030689251,0.999945026787047,0.9999795943474976,3.456756045072673e-05,0.0084277236528464,9.695323908275077,2.104232363306366,0.8600176868226377,1.917782938706716,-382.7439922388927,0.7501673095286918,True,0.6490652926913754,0.6490652926913754,2.069047130814905e-05
dsgdb9nsd_007037,True,264,-449.4536401742,0.750173,True,168,176,31.0,31.0,30.0,30.0,0.0,0.0,True,0,0,0,0,0.967024985018064,3.628730593530832e-05,0.1815902392253945,0.9994082044913184,0.9955696240094728,0.0243268474875308,0.999995268522292,0.9999731285600618,-2.2139962230105503e-05,-0.0503042607842267,4.64895191706607,2.13875155406896,0.5786225051132593,0.998191012059989,-449.4523386361454,0.750172967865737,True,-1.301538054633511,1.301538054633511,3.213426302828282e-08
dsgdb9nsd_007150,True,281,-419.6907448294,0.750278,True,204,212,33.0,33.0,32.0,32.0,0.0,0.0,True,0,0,0,0,0.9692146871131204,0.0049884117332326,0.1754574389613607,0.9989941116614752,0.992801383558738,0.0317157427553667,0.9999178641849614,0.9999706752009055,5.281101594423188e-05,0.0085779910715026,10.811497140361151,2.054385911761825,0.592279063119076,1.3381308847797972,-419.67762506956154,0.7501596554670087,True,-13.119759838446043,13.119759838446043,0.0001183445329913102
dsgdb9nsd_007961,True,187,-398.7438989933,0.750181,True,198,206,32.0,32.0,31.0,31.0,0.0,0.0,True,0,0,0,0,0.9679777670617862,1.5665907569223767e-05,0.1789475703613041,0.9989593117692516,0.9901004027152892,0.032259699793217,0.9999835865370754,0.9999922616044752,8.675067399654957e-06,0.00789240214721,7.907072187358044,1.8862293859366903,0.778335648407497,1.6457079020127887,-398.7441291235095,0.7501682847132116,True,0.2301302095020219,0.2301302095020219,1.2715286788367308e-05
dsgdb9nsd_008720,True,18,-410.1119488704,0.829714,True,144,152,28.0,28.0,27.0,27.0,0.0,0.0,True,0,0,0,0,0.9999949231756856,0.9999770088723564,0.0022531809324604,0.999995001744937,0.9999761092394208,0.002235677763672,1.0000022926750065,1.0000025698079833,2.771329767892184e-07,0.9999715141446331,0.0076915163212173,0.0097636328560243,0.0042213176508634,0.0066002196697704,-410.1106311093151,0.8291074907655975,True,-1.3177610849197663,1.3177610849197663,0.0006065092344024192
dsgdb9nsd_008749,True,21,-412.3718291717,0.752411,True,168,176,30.0,30.0,29.0,29.0,0.0,0.0,True,0,0,0,0,0.9999906401518796,0.9999013908783004,0.0030593868863731,0.9999936581733044,0.9999599401511354,0.0025182983730008,0.9999787737968112,0.9999791773548022,4.035579909134057e-07,0.9973944966563274,0.0812678528524715,0.024059456209577,0.0754001220254774,0.1399768195545339,-412.37043187342306,0.7519633180324661,True,-1.3972982769701048,1.3972982769701048,0.00044768196753397493
dsgdb9nsd_008798,True,13,-382.7608413159,0.779899,True,204,212,32.0,32.0,31.0,31.0,0.0,0.0,True,0,0,0,0,0.999994028200394,0.9999612263852558,0.002443726581673,0.9999941095000544,0.9999616438518272,0.0024270352172508,1.0000122088596932,1.0000121854435666,-2.3416126593289732e-08,0.999992961227122,0.0037814889296374,0.0031578194562769,0.0086482838129955,0.019489255656039,-382.76024683912453,0.7800367404900648,True,-0.5944767754613167,0.5944767754613167,-0.00013774049006476385
dsgdb9nsd_009597,True,318,-381.5356297044,0.750401,True,192,200,31.0,31.0,30.0,30.0,0.0,0.0,True,0,0,0,0,0.9700911681506892,0.0959586666958736,0.1729417007240036,0.9989701375926096,0.9924278918503624,0.0320914693865876,1.000093402795199,1.0000206517804795,-7.27510147193744e-05,0.1280078981056148,8.157114791272887,1.980788428303552,1.2945463062089455,3.42533263069264,-381.53795127671606,0.7502937621934755,True,2.321572316077436,2.321572316077436,0.00010723780652444059
dsgdb9nsd_009744,True,439,-346.8823664515,0.750508,True,216,224,32.0,32.0,31.0,31.0,0.0,0.0,True,0,0,0,0,0.998919294429128,0.9659204327552424,0.0328740866165469,0.999981605179784,0.9998528785355176,0.0042889183036954,0.9999463614961918,0.9999565845418265,1.0223045634694117e-05,0.9502777927732744,0.4042254307695647,0.3161750066179807,1.2641685964974438,4.776637075699935,-346.88588113592505,0.7502397650326138,True,3.5146844250562026,3.5146844250562026,0.0002682349673861495
dsgdb9nsd_010245,True,136,-413.5745735024,0.75032,True,180,188,31.0,31.0,30.0,30.0,0.0,0.0,True,0,0,0,0,0.9999632424835908,0.999058972320248,0.0060627977377655,0.9999928037300136,0.9999614025976392,0.0026825864359389,1.0000162058088642,1.000019932149626,3.726340761955882e-06,0.994057398618568,0.1092383608477368,0.0557867702086237,0.4820689642213743,1.2977764951932165,-413.57363841649567,0.750334152537647,True,-0.9350859043593118,0.9350859043593118,-1.4152537647027508e-05
dsgdb9nsd_010376,True,21,-375.3334039901,0.750515,True,168,176,29.0,29.0,28.0,28.0,0.0,0.0,True,0,0,0,0,0.9704674373363906,0.1463120381528384,0.1718504078075156,0.9999121402720348,0.9994293512703852,0.0093733520133002,0.9999639547015536,1.0000051519055728,4.119720401918325e-05,0.5419387081861129,0.8407554189954691,0.8210226074162263,0.8941323194307056,2.069991679474743,-375.3248840577842,0.7577326294766529,True,-8.519932315834922,8.519932315834922,-0.0072176294766528315
dsgdb9nsd_010570,True,19,-339.5401387488,0.750179,True,180,188,29.0,29.0,28.0,28.0,0.0,0.0,True,0,0,0,0,0.9992213832766028,0.9777120775302576,0.0279037044744477,0.9999888213738514,0.9999178380769006,0.0033434452513531,0.999922138838462,0.9999144990561836,-7.63978227824591e-06,0.9720205379272908,0.2548520996478379,0.2300286492402778,0.9143448805574388,1.888573580316068,-339.5411430067565,0.7501765295087139,True,1.0042579564810694,1.0042579564810694,2.470491286099552e-06
dsgdb9nsd_010571,True,60,-323.4009938985,0.750628,True,186,194,29.0,29.0,28.0,28.0,0.0,0.0,True,0,0,0,0,0.9995020819852204,0.985849214080458,0.0223140766060306,0.9999898748734716,0.9999184309474656,0.0031820003973431,1.0000118823024793,1.0000038840854109,-7.998217068427849e-06,0.9801945366956086,0.2131877231605276,0.1856529862169599,2.914426338575006,8.919289415319374,-323.40250180866235,0.7505972211344378,True,1.5079101623314273,1.5079101623314273,3.077886556213105e-05
dsgdb9nsd_010793,True,222,-381.5726480274,0.750886,True,192,200,31.0,31.0,30.0,30.0,0.0,0.0,True,0,0,0,0,0.96771991346016,7.356432056036043e-06,0.1796665982864928,0.9999843746702778,0.9999320096043608,0.0039528887819039,0.9998755381239298,0.9998943320575768,1.8793933647009983e-05,0.6138158391508083,0.8487368839599694,0.7238769256462413,0.305439345011869,0.534091985939207,-381.58278559739443,0.7506221567803806,True,10.137569994412843,10.137569994412843,0.0002638432196194751
dsgdb9nsd_010796,True,24,-413.6117570719,0.75022,True,180,188,31.0,31.0,30.0,30.0,0.0,0.0,True,0,0,0,0,0.9998430294398404,0.9953507297773498,0.0125287892535428,0.9999924634303656,0.9999540531036034,0.0027452813397543,0.9998964568480572,0.9998869372645656,-9.51958349171278e-06,0.9925175819875548,0.1259443870242399,0.1076531626125678,0.3733922450833917,0.7646528048824434,-413.61109036666335,0.7502187328681273,True,-0.6667052366537973,0.6667052366537973,1.2671318726509284e-06
dsgdb9nsd_011101,True,23,-381.5194293547,0.760985,True,192,200,31.0,31.0,30.0,30.0,0.0,0.0,True,0,0,0,0,0.9999721214438092,0.9993468054043676,0.005280014790772,0.999992991034004,0.9999537620103084,0.0026474451828044,1.0000027752005924,1.0000084090446075,5.633844015306977e-06,0.9999090816918844,0.0157259286580956,0.0312922316057894,0.0140647359118755,0.0300519939324312,-381.5188113361023,0.7607839568246391,True,-0.6180185976631947,0.6180185976631947,0.00020104317536095984
dsgdb9nsd_012116,True,20,-342.9918000065,0.750212,True,216,224,32.0,32.0,31.0,31.0,0.0,0.0,True,0,0,0,0,0.9995806279254518,0.9870180118948466,0.0204785759892681,0.9999848537510564,0.9998938562709416,0.0038918182053552,0.9999131172283652,0.999926923475789,1.380624742386427e-05,0.9886112980911076,0.1663148804723324,0.1599926348607814,1.1591549264949716,4.3687560528324445,-342.9932962996658,0.7501853352458348,True,1.4962931658146772,1.4962931658146772,2.6664754165239835e-05
dsgdb9nsd_012301,True,13,-413.5080079917,0.782852,True,180,188,31.0,31.0,30.0,30.0,0.0,0.0,True,0,0,0,0,0.9999773761736966,0.9994597854645156,0.0047564510197355,0.9999941570298296,0.9999636941677156,0.0024172236491954,1.0000063083716737,1.0000065349159095,2.265442358151404e-07,0.9999614617834572,0.0089523752070457,0.0139349348364974,0.0039439523522576,0.0115888942462333,-413.50686106471176,0.7828411072121497,True,-1.1469269882695698,1.1469269882695698,1.0892787850269592e-05
dsgdb9nsd_012696,True,19,-378.9338613271,0.750213,True,204,212,32.0,32.0,31.0,31.0,0.0,0.0,True,0,0,0,0,0.9687212007053494,0.0001984181789042,0.1768581332442775,0.9999612648386343,0.9997996040804644,0.0062237578170838,0.9999298645804208,0.9999246619730888,-5.202607332055464e-06,0.4707995155903803,1.1523504880926072,1.1003710528845752,0.6206739476966527,1.0709248404861005,-378.92132207705987,0.7501822053960225,True,-12.539250040106253,12.539250040106253,3.0794603977479795e-05
dsgdb9nsd_014632,True,186,-454.4031945945,0.75019,True,180,188,32.0,32.0,31.0,31.0,0.0,0.0,True,0,0,0,0,0.9684129710631342,0.0017782571799462,0.1777274006361028,0.999431412008657,0.9961602832838536,0.0238450831691357,0.999950873080492,1.0000461953066253,9.532222613317654e-05,0.0422579669848809,4.8079453856193775,1.7929526838739704,0.7683340705691417,1.5104571679432208,-454.4017174335173,0.7501865308935187,True,-1.4771609826880194,1.4771609826880194,3.4691064813019423e-06
dsgdb9nsd_014640,True,21,-308.6350828171,0.750189,True,204,212,30.0,30.0,29.0,29.0,0.0,0.0,True,0,0,0,0,0.9997786873716366,0.9934776534912516,0.014876579861092,0.9999959495736204,0.9999760241069966,0.0020125671118519,1.0001840289136454,1.00019384997984,9.821066194515282e-06,0.9844689237054882,0.1773084395740861,0.1347374015758053,1.671829924951935,3.789388328530794,-308.63573641184604,0.750158113230615,True,0.6535947460406533,0.6535947460406533,3.0886769385007895e-05
dsgdb9nsd_014824,True,25,-381.5349787685,0.750234,True,192,200,31.0,31.0,30.0,30.0,0.0,0.0,True,0,0,0,0,0.9997057043382612,0.9911386379701024,0.0171550477043536,0.9999906832916636,0.9999464923470814,0.0030523283467507,0.9998391126500163,0.9998337302886028,-5.382361413563963e-06,0.9945060883788744,0.1175256682999028,0.1194573333543593,0.6324070409749313,1.9642447380103136,-381.5352780288793,0.7502212037998319,True,0.299260379279076,0.299260379279076,1.2796200168030403e-05
dsgdb9nsd_016380,True,17,-416.170517539,0.7825,True,168,176,30.0,30.0,29.0,29.0,0.0,0.0,True,0,0,0,0,0.9999856426822654,0.999774446812156,0.0037891051363852,0.9999902489085034,0.9999068157355036,0.0031226737736338,1.000005001553815,1.0000052326045603,2.3105074542506546e-07,0.9999879810505256,0.0051914783004929,0.0069386322323534,0.0157542718394865,0.0488272214100841,-416.16958482755444,0.7823606642897296,True,-0.9327114455572882,0.9327114455572882,0.00013933571027036074
dsgdb9nsd_017960,True,112,-309.867419675,0.750756,True,216,224,31.0,31.0,30.0,30.0,0.0,0.0,True,0,0,0,0,0.9991966217222996,0.975502454984146,0.028343928409807,0.9999844341005014,0.999860227107134,0.0039453643049238,1.00013021456645,1.0001158559594172,-1.4358607032693982e-05,0.91950451178816,0.4496090208140089,0.3093701527211823,0.5788107874480926,1.532979123131953,-309.8676200324458,0.7502758097196462,True,0.20035744580582104,0.20035744580582104,0.0004801902803537317
dsgdb9nsd_018093,True,126,-308.7112434428,0.750323,True,204,212,30.0,30.0,29.0,29.0,0.0,0.0,True,0,0,0,0,0.9997646250398772,0.9932874575759404,0.0153419346929577,0.9999884475651084,0.9999308421474836,0.0033988873019706,0.9998764760636476,0.9998422413894744,-3.42346741731836e-05,0.9584388659727632,0.3100410005382171,0.1607140639190601,0.502504737051922,0.983751954581158,-308.71167869220784,0.7502291547837956,True,0.43524940781480836,0.43524940781480836,9.384521620436903e-05
dsgdb9nsd_018803,True,223,-380.2726389248,0.750177,True,180,188,30.0,30.0,29.0,29.0,0.0,0.0,True,0,0,0,0,0.966239622378168,0.0009824823384487,0.1837399728470424,0.999377157686179,0.9941946054306808,0.0249568089671124,0.9999578299761556,0.9999947493164906,3.691934033511757e-05,0.0261883998698453,6.81042461155129,1.878397665052716,0.8174801664125976,1.3300959405275157,-380.2718775406869,0.7501681103494313,True,-0.7613841131046684,0.7613841131046684,8.889650568666418e-06
dsgdb9nsd_019083,True,4204,-309.8427880997,0.750148,True,216,224,31.0,31.0,30.0,30.0,0.0,0.0,True,0,0,0,0,0.9768521448082224,0.2869107368084849,0.1521441921066253,0.9998327970494664,0.9988859632477548,0.0129306979909642,0.9998838823698608,1.0000823122706306,0.0001984299007696,0.181869952359311,1.6607400891638506,1.436143388577172,0.7473928425957789,1.4339622095571447,-309.8458975297233,0.7501094676466309,True,3.1094300233007743,3.1094300233007743,3.853235336914729e-05
dsgdb9nsd_019118,True,20,-339.3235830098,0.750123,True,180,188,29.0,29.0,28.0,28.0,0.0,0.0,True,0,0,0,0,0.9655045468965764,0.0003772175650284,0.1857295159726193,0.999977173524029,0.99982561544721,0.004777706141116,0.9998580179441736,0.9999460773189168,8.80593747430991e-05,0.5265396810457397,1.0656508352892915,1.0202400186591083,0.4680026791711266,0.9845466673189858,-339.3091742628051,0.7501346345751045,True,-14.408746994945432,14.408746994945432,-1.1634575104557676e-05
dsgdb9nsd_019781,True,199,-376.4724173753,0.750155,True,180,188,30.0,30.0,29.0,29.0,0.0,0.0,True,0,0,0,0,0.9684798230407804,0.0761463142535682,0.1775392265366153,0.9989775105400696,0.9930802473198076,0.0319763891008741,0.999832375192072,1.0000185418968326,0.0001861667047604,0.0121990910247053,8.186689580060065,1.9131389834862005,0.8436987152399001,1.6514730921842864,-376.47188636154556,0.7501552616267517,True,-0.5310137544256577,0.5310137544256577,-2.6162675170748884e-07
dsgdb9nsd_020123,True,19,-382.6424051638,0.750175,True,204,212,32.0,32.0,31.0,31.0,0.0,0.0,True,0,0,0,0,0.9992590348150348,0.9766812853294548,0.0272206756889912,0.9999867497055274,0.9999175067134722,0.0036400953933587,0.9999485037940312,0.9999693038197875,2.080002575644002e-05,0.9818375862302118,0.2031092971580355,0.2145849240794528,0.7489379298475303,2.1685420112833,-382.64359767165814,0.7501496269245465,True,1.1925078581498383,1.1925078581498383,2.5373075453583027e-05
dsgdb9nsd_021049,True,299,-429.5104029738,0.750719,True,174,182,31.0,31.0,30.0,30.0,0.0,0.0,True,0,0,0,0,0.9671947669903014,0.0046906328707717,0.1811221494177301,0.9991309219712524,0.9932060653013924,0.0294801293882445,0.9999452607608104,0.9999976672692844,5.240650847404549e-05,0.0634272176954488,8.162340838278851,1.8638532327598047,1.0331412688531303,3.1757154012771007,-429.5096085776854,0.75019632709947,True,-0.7943961145997491,0.7943961145997491,0.0005226729005299857
dsgdb9nsd_021383,True,15,-371.461825934,0.918228,True,168,176,29.0,29.0,28.0,28.0,0.0,0.0,True,0,0,0,0,0.9999885837427426,0.9999240680614092,0.0033787952375708,0.9999904821085562,0.9999253202217994,0.0030851080116823,1.000010077038564,1.0000092749328648,-8.021056991935893e-07,0.9999900390803658,0.0045508901103472,0.0067131964788645,0.0194641436967336,0.032127720414112,-371.46119764967847,0.9182615296092713,True,-0.6282843215217326,0.6282843215217326,-3.3529609271276684e-05
dsgdb9nsd_021755,True,15,-411.0834330866,0.924097,True,156,164,29.0,29.0,28.0,28.0,0.0,0.0,True,0,0,0,0,0.999989436365385,0.9999069044094128,0.0032501745514729,0.9999900976224324,0.9999104214878072,0.0031468043421252,1.0000045836419749,1.000004149607822,-4.340341528408233e-07,0.9999923320336792,0.0039771374423842,0.0036338467381251,0.0016599968138571,0.0029115845606388,-411.08259079655033,0.9241227588257459,True,-0.8422900496611874,0.8422900496611874,-2.5758825745958447e-05
dsgdb9nsd_021763,True,16,-443.0665881332,1.013775,True,144,152,29.0,29.0,28.0,28.0,0.0,0.0,True,0,0,0,0,0.9999920573675876,0.9999437738322964,0.0028182676261238,0.9999926657679749,0.9999421527984572,0.0027081787284501,1.000000838304893,1.000000306689362,-5.316155309298409e-07,0.9999925467951984,0.0039047549932165,0.0035385932846794,0.0016813723702724,0.0022791747821232,-443.06499398053296,1.0137446755083488,True,-1.5941526670530948,1.5941526670530948,3.0324491651301244e-05
dsgdb9nsd_021781,True,20,-483.9450075791,0.773486,True,144,152,30.0,30.0,29.0,29.0,0.0,0.0,True,0,0,0,0,0.9999915380079408,0.9999391438947386,0.0029089503363123,0.9999915672433028,0.9999380202359396,0.0029039209178675,1.0000092131072804,1.0000091968734872,-1.6233793198594526e-08,0.9999841087660208,0.0057545009745995,0.0060597245556963,0.0019348570905464,0.0037292059625166,-483.94320510584214,0.7734146878256354,True,-1.8024732578396652,1.8024732578396652,7.131217436462389e-05
dsgdb9nsd_022359,True,153,-473.5336560885,0.756526,True,216,225,36.0,36.0,35.0,35.0,0.0,0.0,True,0,0,0,0,0.9998973327718232,0.996905789866586,0.0101324838108386,0.9999815518396906,0.9996803309342086,0.0042951321643748,1.0000497278601208,1.0000641825290155,1.4454668894714471e-05,0.9829998822560356,0.3642001732882746,0.1347436071035991,0.5163000092846809,1.5484442190396386,-473.53296241389245,0.7553838691865877,True,-0.6936746075325573,0.6936746075325573,0.001142130813412301
dsgdb9nsd_023715,True,15,-428.3652275964,0.826899,True,168,176,30.0,30.0,29.0,29.0,0.0,0.0,True,0,0,0,0,0.9999891969819428,0.9999257310333766,0.0032867944957652,0.9999896499775563,0.9999257667460948,0.0032171450765589,0.9999827903571338,0.999981142606952,-1.6477501818545903e-06,0.9999756129064892,0.0070253692113536,0.0024579330608694,0.0121160959970821,0.0265114584860128,-428.3630926554867,0.8268846368943201,True,-2.1349409133222252,2.1349409133222252,1.4363105679926491e-05
dsgdb9nsd_023762,True,17,-460.387252356,0.798892,True,156,164,30.0,30.0,29.0,29.0,0.0,0.0,True,0,0,0,0,0.9999906802650296,0.999920835616961,0.0030528240975377,0.999991538404126,0.9999211352995776,0.0029088822378444,1.0000009013807232,0.9999999252324792,-9.76148243903019e-07,0.9999651794070752,0.0084154535143535,0.0120781466072022,0.004032249721987,0.0079287571711663,-460.3847112195495,0.798866695627872,True,-2.5411364504748235,2.5411364504748235,2.5304372127998853e-05
dsgdb9nsd_024840,True,29,-434.2484233171,0.925692,True,192,201,33.0,33.0,32.0,32.0,0.0,0.0,True,0,0,0,0,0.9999888623090928,0.9998781823822556,0.0033373179212037,0.999988812509848,0.9998700782196516,0.0033447705679358,0.999996883101002,0.9999966392558288,-2.4384517305353626e-07,0.9999785355091412,0.0065528322032547,0.0048750157143089,0.040179574730185,0.0840336061763622,-434.2478770360569,0.9267671901402466,True,-0.5462810431140497,0.5462810431140497,-0.0010751901402465958
dsgdb9nsd_024870,True,19,-503.3700808998,0.750336,True,180,189,34.0,34.0,33.0,33.0,0.0,0.0,True,0,0,0,0,0.969746901293822,7.866655909500607e-09,0.1739341792350718,0.9990990118945522,0.99088052108098,0.0300164639064601,0.9999999129458288,0.9999607607901828,-3.915215564609387e-05,-0.0255669449560104,1.006241871286389,1.6228179403417022,0.4717777175206983,0.838647030757709,-503.3269843406848,0.7777030375900438,True,-43.0965591151562,43.0965591151562,-0.027367037590043775
dsgdb9nsd_025376,True,21,-434.2861495477,0.916008,True,192,201,33.0,33.0,32.0,32.0,0.0,0.0,True,0,0,0,0,0.9999930963677964,0.9999393892693916,0.0026274763945312,0.9999934249545074,0.999935807702972,0.0025641851517709,1.0000036760572144,1.0000037937796615,1.1772244712382478e-07,0.9999371214470012,0.0112472396982237,0.0147469977195803,0.0106485943835571,0.0277959860386031,-434.2854597150558,0.9159288076995828,True,-0.6898326441842073,0.6898326441842073,7.919230041719683e-05
dsgdb9nsd_025434,True,71,-454.07981733,1.109048,True,186,195,33.0,33.0,32.0,32.0,0.0,0.0,True,0,0,0,0,0.985121722690964,0.559172903732887,0.1219765440936748,0.996876653594873,0.919852429384244,0.0558869072782438,0.9999982001973856,1.0000207082669368,2.250806955106377e-05,0.5352207420980919,1.329378256915793,1.557336016191564,0.3718424201679446,0.8355752491378063,-454.05903116690826,0.8345426484573935,True,-20.786163091770504,20.786163091770504,0.2745053515426066
dsgdb9nsd_028922,True,387,-431.6031016208,1.110744,True,204,213,34.0,34.0,33.0,33.0,0.0,0.0,True,0,0,0,0,0.9695942704719648,0.0052305602205661,0.1743723875160144,0.9979445148296784,0.9509417059448032,0.045337458798674,0.9999912050432948,1.0000131345172638,2.1929473969062308e-05,0.3228146957892538,1.1700650483846808,0.7880218093782587,0.7414940898862898,1.9768844604793647,-431.6160027857135,1.1316612874118164,True,12.901164913500907,12.901164913500907,-0.02091728741181642
dsgdb9nsd_033439,True,30,-393.3141526595,0.750211,True,192,201,32.0,32.0,31.0,31.0,0.0,0.0,True,0,0,0,0,0.9722529850924038,0.1142436912265564,0.1665743524904005,0.9999306872642194,0.999576036447749,0.0083254270629518,0.999899486539012,0.999903919576312,4.433037299800269e-06,0.5020087221368086,0.86889286517446,0.8313016810864002,0.680287364297718,1.7924025010537286,-393.3068814832775,0.7540563594331324,True,-7.271176222502618,7.271176222502618,-0.003845359433132467
dsgdb9nsd_034476,True,18,-377.4620434883,0.839011,True,198,207,32.0,32.0,31.0,31.0,0.0,0.0,True,0,0,0,0,0.99999136172156,0.999936713269572,0.0029390948334617,0.9999916925717364,0.99993111935255,0.0028822609638379,0.9999991061410318,0.9999978466332864,-1.2595077455435089e-06,0.9999813270770864,0.0061140558905111,0.0035512674564601,0.0656744189836716,0.1267908809706475,-377.46122483277173,0.839260653056499,True,-0.8186555282918562,0.8186555282918562,-0.000249653056499044
dsgdb9nsd_034670,True,19,-344.0575574992,0.750234,True,198,207,31.0,31.0,30.0,30.0,0.0,0.0,True,0,0,0,0,0.9997028088276376,0.9910316063662442,0.0172392335201598,0.9999913938101505,0.9999383168450702,0.0029336308305229,1.000037363282528,1.0000416939755723,4.330693044396483e-06,0.9910313781206834,0.1782553367259671,0.1438503081364808,0.9938005680341808,1.716218636737155,-344.05838859206074,0.7502106795008601,True,0.8310928607215828,0.8310928607215828,2.3320499139889428e-05
dsgdb9nsd_034673,True,20,-392.2423331376,0.750504,True,180,189,31.0,31.0,30.0,30.0,0.0,0.0,True,0,0,0,0,0.999967110312478,0.9992384407820688,0.0057349531403686,0.9999906382610608,0.999950342534008,0.0030596958899947,1.0000448715350676,1.0000484581314613,3.5865963936565493e-06,0.99842296026427,0.0609470494397304,0.0456480728579343,0.2485528463665745,0.383050741041494,-392.2413660579434,0.7504970750110758,True,-0.9670796565615092,0.9670796565615092,6.924988924184028e-06
dsgdb9nsd_039558,True,72,-346.5460319923,0.750339,True,222,231,33.0,33.0,32.0,32.0,0.0,0.0,True,0,0,0,0,0.9696768853570172,2.2322086521205914e-05,0.1741353342747607,0.9999576746738114,0.9995694529910144,0.0065057917418754,0.9998062669102132,0.999810160014169,3.893103955876498e-06,0.552780278578818,0.8542619548538805,0.921951526812209,0.6344138069432748,1.2237034749062448,-346.5383392480557,0.7505937546931278,True,-7.692744244309324,7.692744244309324,-0.0002547546931278566
dsgdb9nsd_039577,True,111,-383.5722631363,0.750832,True,222,231,34.0,34.0,33.0,33.0,0.0,0.0,True,0,0,0,0,0.9998987234263156,0.996885540302375,0.0100636262691022,0.999989453237434,0.9999007978841172,0.0032475779537804,0.999956739558434,0.9999608149772128,4.075418778670681e-06,0.9483641196221838,0.3561070863954991,0.1273227486164273,0.33452637447762,0.7800022346112925,-383.57227967309746,0.7502605623388163,True,0.01653679743185421,0.01653679743185421,0.0005714376611837269
dsgdb9nsd_039613,True,211,-347.7157934012,0.751573,True,234,243,34.0,34.0,33.0,33.0,0.0,0.0,True,0,0,0,0,0.9865646501169126,0.5462212635330044,0.115910956699906,0.999742451858182,0.9959017112149968,0.0160483065093411,0.99991292698621,0.9999790410766782,6.61140904681945e-05,0.0833930281646614,1.2805784429429918,1.2773822686341396,0.5802080813178407,1.080296061636413,-347.7158222556356,0.7514565636537824,True,0.028854435583980376,0.028854435583980376,0.00011643634621760768
dsgdb9nsd_042072,True,402,-452.5458339514,0.750204,True,210,219,35.0,35.0,34.0,34.0,0.0,0.0,True,0,0,0,0,0.9710925353217734,0.0119030027138393,0.1700219535184395,0.9989476477471192,0.9925859506658804,0.0324399792367517,0.9999157528534108,1.000013972465927,9.821961251599288e-05,0.0345164035270742,7.335653219958854,2.055872769508067,0.7688834413391525,2.2072378379370794,-452.544425792073,0.7502019509711175,True,-1.4081593270134363,1.4081593270134363,2.04902888245595e-06
dsgdb9nsd_043494,True,18,-435.4648265032,0.750201,True,204,213,34.0,34.0,33.0,33.0,0.0,0.0,True,0,0,0,0,0.97056986947445,4.288888079205481e-06,0.1715521218917158,0.9999772609583544,0.9998863946475596,0.004768547121049,0.9999197236958556,0.9996905060030272,-0.0002292176928282,0.6135027147167309,0.952341749672314,0.9030789386507516,0.5810816540602702,1.1313831628372424,-435.4430382764823,0.7501589826005031,True,-21.788226717717407,21.788226717717407,4.201739949694083e-05
dsgdb9nsd_044929,True,221,-451.4466968405,0.750064,True,198,207,34.0,34.0,33.0,33.0,0.0,0.0,True,0,0,0,0,0.969979578684114,0.0009446039407693,0.1732640219892343,0.9990138866668072,0.9908391394843457,0.0314024415164314,0.999916964244504,0.9999897225466196,7.27583021156164e-05,0.001875889066185,9.54235973989612,2.1225482337432173,0.929834870204708,2.077895291156732,-451.44643835265043,0.750061614350173,True,-0.2584878495781595,0.2584878495781595,2.3856498269081428e-06
dsgdb9nsd_048577,True,19,-455.1321162754,0.765383,True,198,207,34.0,34.0,33.0,33.0,0.0,0.0,True,0,0,0,0,0.9704551988552408,0.0161741939434316,0.1718860120683453,0.9989861867316574,0.9921173817747664,0.0318404344873403,0.9999380297544288,0.999958613339086,2.0583584656952425e-05,0.1508744191588904,10.563572070459616,2.034159150966962,1.4699924561918585,3.880742710961013,-455.1336012225698,0.7502494457604172,True,1.4849471697857552,1.4849471697857552,0.015133554239582847
dsgdb9nsd_052463,True,17,-493.4404699914,0.750309,True,210,219,36.0,36.0,35.0,35.0,0.0,0.0,True,0,0,0,0,0.99991426846993,0.9971655615542918,0.0092591322525248,0.999991855895618,0.9999392358851312,0.0028537877254646,1.0001076163330342,1.0000837425529248,-2.38737801094846e-05,0.9958328485489952,0.0929587903415248,0.0829346954369361,0.448207911776783,1.4608563737643112,-493.4394317390354,0.7502846857677241,True,-1.0382523645944275,1.0382523645944275,2.431423227589047e-05
dsgdb9nsd_053269,True,20,-346.4737706297,0.750194,True,222,231,33.0,33.0,32.0,32.0,0.0,0.0,True,0,0,0,0,0.9992502269177922,0.9754928463804228,0.0273819846287278,0.999992560135105,0.9999490486165008,0.0027276115733482,1.0000759442166984,1.0001042072551518,2.8263038453379963e-05,0.9701223391390772,0.3278018787122133,0.2461862508099081,5.466497708114441,13.109527141325056,-346.47578292014595,0.7501544269711111,True,2.012290445918552,2.012290445918552,3.9573028888906236e-05
dsgdb9nsd_053893,True,270,-419.3812693245,0.750941,True,210,219,34.0,34.0,33.0,33.0,0.0,0.0,True,0,0,0,0,0.9697598018054514,0.0006525424651655,0.1738970908168065,0.9985564000332544,0.984931390435402,0.0379947360399495,1.000001439210545,1.0000068494960666,5.4102855215898416e-06,0.0207018256963283,1.2019966213166706,1.706031317596755,0.2700629729953017,0.836054143534581,-419.3548096497689,0.7682315454835447,True,-26.459674731086125,26.459674731086125,-0.017290545483544695
dsgdb9nsd_053940,True,212,-453.8118468467,0.750155,True,222,231,36.0,36.0,35.0,35.0,0.0,0.0,True,0,0,0,0,0.9716909562307396,4.053130657024854e-05,0.1682529160795144,0.9990967115248122,0.9893376056373804,0.0300547579459204,0.999945218200798,1.000025353871851,8.013567105313868e-05,0.0203263400236357,7.099205591101803,2.0107692508840023,0.846990914285147,2.446702973908012,-453.8316338293483,0.7501920590140259,True,19.78698264827017,19.78698264827017,-3.7059014025841996e-05
dsgdb9nsd_062484,True,318,-420.621716974,0.750275,True,222,231,35.0,35.0,34.0,34.0,0.0,0.0,True,0,0,0,0,0.9735844515875188,0.0934510885396868,0.1625286079817369,0.9992502046639408,0.9932855218391308,0.0273823909850713,1.0001340923472113,0.9999948415156952,-0.000139250831516,0.0196671694471045,7.258179738738625,1.9305850817363213,0.7512500340888876,1.6855931155606128,-420.62203145555156,0.7502353547400631,True,0.31448155158386726,0.31448155158386726,3.9645259936937904e-05
dsgdb9nsd_062502,True,20,-378.5889129486,0.750269,True,210,219,33.0,33.0,32.0,32.0,0.0,0.0,True,0,0,0,0,0.9696651957061996,1.0186536065877593e-05,0.1741688958850014,0.9999648628893612,0.9997445357941456,0.005927656420445,1.0000264531253562,1.0000183997007333,-8.053424622955774e-06,0.5298141884567805,1.0395227840952874,0.9014550698672013,0.5672477390033762,1.1440258944109098,-378.56708293095585,0.7505194216259099,True,-21.830017644163036,21.830017644163036,-0.00025042162590993566
dsgdb9nsd_062721,True,2458,-347.6985598931,0.96236,True,234,243,34.0,34.0,33.0,33.0,0.0,0.0,True,0,0,0,0,0.9720889463426552,0.0775382201597558,0.1670660158660182,0.9992659670369544,0.9825352912515426,0.0270930427055667,1.000001857291969,1.0000633636363645,6.1506344395168e-05,0.1207141120327545,5.9838606626128525,1.5554973975958208,0.4093212018624734,1.2451655285072365,-347.6899065262783,0.7500446773463381,True,-8.653366821704367,8.653366821704367,0.21231532265366193
dsgdb9nsd_062722,True,3287,-383.528476962,0.910817,True,222,231,34.0,34.0,33.0,33.0,0.0,0.0,True,0,0,0,0,0.9990437855661648,0.982735334608128,0.0309227171159853,0.9991491054432368,0.9827709851023412,0.0291700969618429,1.0000562200525032,1.000068032097153,1.1812044649728293e-05,0.5016052540799713,0.9236769404745035,0.5407957383077359,0.634993199836792,1.2790933246694598,-383.5283764563836,0.8747472966066994,True,-0.10050561638763611,0.10050561638763611,0.03606970339330062
dsgdb9nsd_067149,True,21,-383.532544898,0.750217,True,222,231,34.0,34.0,33.0,33.0,0.0,0.0,True,0,0,0,0,0.9998433529669052,0.9949800139070124,0.0125158712479337,0.9999905593705416,0.9999493774135088,0.0030725607331003,0.99992082467287,0.9999274677791564,6.6431062863969714e-06,0.9947837817759484,0.1052101720347165,0.1037266015958097,1.261690703396162,3.2974236978098888,-383.5326571588961,0.7501930121548313,True,0.11226089605997913,0.11226089605997913,2.3987845168771393e-05
dsgdb9nsd_068471,True,215,-400.7282338118,0.750205,True,228,237,35.0,35.0,34.0,34.0,0.0,0.0,True,0,0,0,0,0.9708361151815794,0.0017540094623291,0.1707743681540665,0.9989872331530752,0.9896924900055926,0.0318239979720469,0.9999652050524128,0.9999699841060458,4.779053632941732e-06,0.0092267788577823,7.041483216840034,1.8862779176238835,1.40097598337618,3.4529552811005666,-400.72954917479933,0.7501733956768035,True,1.3153629993212235,1.3153629993212235,3.160432319648798e-05
dsgdb9nsd_069160,True,200,-420.5490101423,0.75022,True,222,231,35.0,35.0,34.0,34.0,0.0,0.0,True,0,0,0,0,0.9740290740632028,0.1164452389411422,0.1611549749055141,0.998851831667477,0.9904489813858388,0.033884632689803,0.9999928116509128,0.9999965020559728,3.6904050599861904e-06,0.0737367750454824,9.565395467256186,2.1236556711148378,1.0256456065797872,2.6362503914725046,-420.54985841661943,0.7501865423170031,True,0.8482743194235809,0.8482743194235809,3.345768299689578e-05
dsgdb9nsd_074772,True,122,-347.7161280004,0.753988,True,234,243,34.0,34.0,33.0,33.0,0.0,0.0,True,0,0,0,0,0.9728752778715156,0.1018877793764726,0.1646958473322401,0.9993356293688076,0.9832201881549266,0.0257753880900433,0.9998690238718264,0.9998274323981962,-4.159147363036464e-05,-0.3419488801695486,1.1499121603328295,0.9736206126762736,0.6102573337857603,1.4990836631076845,-347.70966676810906,0.813096335844719,True,-6.461232290916996,6.461232290916996,-0.05910833584471897
dsgdb9nsd_076352,True,21,-346.4564332297,0.750189,True,222,231,33.0,33.0,32.0,32.0,0.0,0.0,True,0,0,0,0,0.9996756159325838,0.989696796229937,0.0180106653796029,0.99998773331337,0.9998834361223524,0.003502382993052,0.9998691424226284,0.999888568705772,1.942628314388628e-05,0.9851769759155206,0.1813184500493662,0.1725285395298804,0.9524753892641472,3.233338446272738,-346.4565124082683,0.7501640380887125,True,0.0791785682849877,0.0791785682849877,2.4961911287535443e-05
dsgdb9nsd_076417,True,1249,-457.5171100867,0.750114,True,222,231,36.0,36.0,35.0,35.0,0.0,0.0,True,0,0,0,0,0.9825707862583952,0.3764253718176514,0.132019747544088,0.999872399299504,0.9991573073843802,0.0112960480034378,0.9998390797360854,0.9999492297223092,0.0001101499862237,0.2339797877354747,1.1547428044092358,1.4417581672602169,0.8420510725096148,2.3691290956895337,-457.51778010218055,0.7501000225361096,True,0.6700154805798775,0.6700154805798775,1.3977463890313402e-05
dsgdb9nsd_077191,True,625,-346.4625202906,0.750236,True,222,231,33.0,33.0,32.0,32.0,0.0,0.0,True,0,0,0,0,0.997860431047805,0.9299038031123862,0.0462554748348239,0.9999815781220084,0.9999028180583732,0.0042920715268609,1.000026748578244,1.000037927313909,1.1178735665140492e-05,0.9510460869909232,0.4588025703261917,0.381650335126204,1.7345853543425307,4.081003430282637,-346.465146863594,0.7502105957081575,True,2.6265729939609628,2.6265729939609628,2.540429184250126e-05
dsgdb9nsd_103742,True,19,-422.8937536997,0.750182,True,246,255,37.0,37.0,36.0,36.0,0.0,0.0,True,0,0,0,0,0.999499116106303,0.9821397568068336,0.022380435511777,0.9999812600357232,0.999886676595651,0.0043289680383446,0.999772864856942,0.9997757227621444,2.8579052024912954e-06,0.9879260432370546,0.1551941175038377,0.1767753059439991,0.6117208515652819,1.3699808727865326,-422.89562024805224,0.750162070704846,True,1.866548352211339,1.866548352211339,1.992929515404196e-05
dsgdb9nsd_109477,True,258,-420.6233264081,0.750409,True,222,231,35.0,35.0,34.0,34.0,0.0,0.0,True,0,0,0,0,0.9770322612206568,0.2148945917824623,0.1515511094625937,0.9992729228307964,0.9934134687237776,0.0269643685111266,0.9999199117088666,1.000026242222061,0.0001063305131943,0.1213263527824928,6.564844122684985,1.8541714967691807,0.7119160698335868,1.8405316883147445,-420.62333696724966,0.7503871158950517,True,0.010559149643540877,0.010559149643540877,2.1884104948299843e-05
dsgdb9nsd_110138,True,21,-351.2535882669,0.750134,True,270,279,37.0,37.0,36.0,36.0,0.0,0.0,True,0,0,0,0,0.9994376830489078,0.9797484881374336,0.0237132231274476,0.9999844462486552,0.9998633264484574,0.0039438244566456,0.9999176014504776,0.9999028801021478,-1.4721348329804762e-05,0.9695153534738024,0.2636852418505089,0.2401724174500885,0.3555669375511033,0.8055915820517128,-351.2543049651226,0.7501256864068324,True,0.7166982226181062,0.7166982226181062,8.313593167552646e-06
dsgdb9nsd_110148,True,16,-458.6667926894,0.750115,True,234,243,37.0,37.0,36.0,36.0,0.0,0.0,True,0,0,0,0,0.9999686602415055,0.9991910515194724,0.0055981924309918,0.9999901287149446,0.999915912025484,0.0031418601266491,0.9996975984841138,0.9996979276533215,3.2916920789105575e-07,0.9997781719024624,0.0219658658630146,0.0237539236579839,0.012633965163698,0.039862848318551,-458.665704762307,0.7501155977740126,True,-1.0879270930104212,1.0879270930104212,-5.977740126228426e-07
dsgdb9nsd_110149,True,17,-458.7203949808,0.750186,True,234,243,37.0,37.0,36.0,36.0,0.0,0.0,True,0,0,0,0,0.9999755558762484,0.9997038448566627,0.0049440998929591,0.9999830959074464,0.9998269971172952,0.004111458689299,0.999875983079037,0.9998757028051316,-2.80273905306494e-07,0.9999545539426928,0.010348252653967,0.0104416107902319,0.0042945572435375,0.014026346103924,-458.7196794865046,0.7501853383169959,True,-0.715494295377539,0.715494295377539,6.616830041661359e-07
dsgdb9nsd_113065,True,293,-457.5379620594,0.750246,True,222,231,36.0,36.0,35.0,35.0,0.0,0.0,True,0,0,0,0,0.97605671068611,0.1577262903299153,0.1547361926437702,0.9991364543481274,0.9922332610218068,0.0293861472784842,0.9998979656323748,1.0000011930334325,0.0001032274010573,0.0451140017839744,7.825515606538821,1.918141465342728,0.9486581702504226,2.664643150707712,-457.53755743222405,0.7502515304992627,True,-0.40462717595346476,0.40462717595346476,-5.530499262773603e-06
dsgdb9nsd_128207,True,74,-432.7134963777,0.750129,True,216,225,35.0,35.0,34.0,34.0,0.0,0.0,True,0,0,0,0,0.999849088233962,0.9949662376663062,0.0122846150138269,0.9999922056219274,0.999922890417416,0.0027918413408801,0.9999267950989652,0.9999432422059386,1.6447106973349612e-05,0.9973394472925322,0.074174549173403,0.0950207279667522,0.9194230689213274,3.0442127822864133,-432.71304874706675,0.7501240710682424,True,-0.44763063323216556,0.44763063323216556,4.92893175763065e-06
