molecule,intervention_applied,standard_converged_no_intervention,standard_iterations_no_intervention,standard_wall_clock_seconds,standard_wall_clock_source,standard_energy,standard_spin_square,standard_raw_output,ml_guided_converged_with_intervention,ml_guided_iterations_with_intervention,ml_guided_wall_clock_seconds,ml_guided_wall_clock_source,ml_guided_energy,ml_guided_spin_square,ml_guided_raw_output,outcome_vs_no_intervention,harmed_by_intervention,rescued_by_intervention,delta_iterations_ml_minus_standard,relative_iteration_change_percent,delta_wall_clock_seconds_ml_minus_standard,relative_wall_clock_change_percent,false_positive_iteration_cost,false_positive_wall_clock_cost_seconds,ml_restart_triggered,ml_restart_count,ml_max_beta_shift,ml_disabled_after_max_restarts,ml_disabled_after_restart_count
dsgdb9nsd_000129,True,True,321,27.15,total_processing_time_footer,-246.9090671666,0.75267,/Users/leodong/Downloads/Research/test_molecules/QM9_Data/dsgdb9nsd_000129.txt,True,116,7.21,total_processing_time_footer,-246.9865396467,0.750168,/Users/leodong/Downloads/Research/test_molecules/final_eval_medium_beta_restart_raw/mol_dsgdb9nsd_000129.txt,accelerated_standard_success,False,False,-205,-63.86,-19.94,-73.44,0,0.0,True,7,0.7,False,
dsgdb9nsd_032575,True,True,37,7.82,total_processing_time_footer,-396.9260836922,0.750182,/Users/leodong/Downloads/Research/test_molecules/QM9_Data/dsgdb9nsd_032575.txt,True,38,7.42,total_processing_time_footer,-396.9260833215,0.750193,/Users/leodong/Downloads/Research/test_molecules/final_eval_medium_beta_restart_raw/mol_dsgdb9nsd_032575.txt,slower_than_standard_success,False,False,1,2.7,-0.4,-5.12,1,0.0,False,0,0.0,False,
dsgdb9nsd_000074,True,True,238,18.83,total_processing_time_footer,-246.942629799,0.750218,/Users/leodong/Downloads/Research/test_molecules/QM9_Data/dsgdb9nsd_000074.txt,True,164,10.65,total_processing_time_footer,-246.9574023983,0.750115,/Users/leodong/Downloads/Research/test_molecules/final_eval_medium_beta_restart_raw/mol_dsgdb9nsd_000074.txt,accelerated_standard_success,False,False,-74,-31.09,-8.18,-43.44,0,0.0,True,10,1.0,True,10
dsgdb9nsd_045845,True,True,35,6.01,total_processing_time_footer,-435.4284173916,0.761876,/Users/leodong/Downloads/Research/test_molecules/QM9_Data/dsgdb9nsd_045845.txt,True,46,5.8,total_processing_time_footer,-435.4634648911,0.75054,/Users/leodong/Downloads/Research/test_molecules/final_eval_medium_beta_restart_raw/mol_dsgdb9nsd_045845.txt,slower_than_standard_success,False,False,11,31.43,-0.21,-3.49,11,0.0,True,2,0.2,False,
dsgdb9nsd_066722,True,True,36,7.79,total_processing_time_footer,-347.605155837,0.750115,/Users/leodong/Downloads/Research/test_molecules/QM9_Data/dsgdb9nsd_066722.txt,True,106,12.86,total_processing_time_footer,-347.605151963,0.75012,/Users/leodong/Downloads/Research/test_molecules/final_eval_medium_beta_restart_raw/mol_dsgdb9nsd_066722.txt,slower_than_standard_success,False,False,70,194.44,5.07,65.08,70,5.07,True,1,0.1,False,
dsgdb9nsd_001787,True,True,69,11.47,total_processing_time_footer,-344.8043388389,0.750145,/Users/leodong/Downloads/Research/test_molecules/QM9_Data/dsgdb9nsd_001787.txt,True,57,7.85,total_processing_time_footer,-344.8043167541,0.750147,/Users/leodong/Downloads/Research/test_molecules/final_eval_medium_beta_restart_raw/mol_dsgdb9nsd_001787.txt,accelerated_standard_success,False,False,-12,-17.39,-3.62,-31.56,0,0.0,False,0,0.0,False,
dsgdb9nsd_000658,True,True,31,4.98,total_processing_time_footer,-234.1710591574,0.750088,/Users/leodong/Downloads/Research/test_molecules/QM9_Data/dsgdb9nsd_000658.txt,True,39,6.63,total_processing_time_footer,-234.1710674495,0.750088,/Users/leodong/Downloads/Research/test_molecules/final_eval_medium_beta_restart_raw/mol_dsgdb9nsd_000658.txt,slower_than_standard_success,False,False,8,25.81,1.65,33.13,8,1.65,False,0,0.0,False,
dsgdb9nsd_005654,True,True,89,13.92,total_processing_time_footer,-339.4687721245,0.812209,/Users/leodong/Downloads/Research/test_molecules/QM9_Data/dsgdb9nsd_005654.txt,True,183,17.77,total_processing_time_footer,-339.5379460826,0.751184,/Users/leodong/Downloads/Research/test_molecules/final_eval_medium_beta_restart_raw/mol_dsgdb9nsd_005654.txt,slower_than_standard_success,False,False,94,105.62,3.85,27.66,94,3.85,True,10,1.0,True,10
dsgdb9nsd_063248,True,True,196,48.08,total_processing_time_footer,-348.9073724545,0.750612,/Users/leodong/Downloads/Research/test_molecules/QM9_Data/dsgdb9nsd_063248.txt,True,85,12.49,total_processing_time_footer,-348.9073755235,0.750291,/Users/leodong/Downloads/Research/test_molecules/final_eval_medium_beta_restart_raw/mol_dsgdb9nsd_063248.txt,accelerated_standard_success,False,False,-111,-56.63,-35.59,-74.02,0,0.0,True,4,0.4,False,
dsgdb9nsd_004563,True,True,122,20.14,total_processing_time_footer,-308.7122693974,0.788863,/Users/leodong/Downloads/Research/test_molecules/QM9_Data/dsgdb9nsd_004563.txt,True,238,24.02,total_processing_time_footer,-308.7468708782,0.750119,/Users/leodong/Downloads/Research/test_molecules/final_eval_medium_beta_restart_raw/mol_dsgdb9nsd_004563.txt,slower_than_standard_success,False,False,116,95.08,3.88,19.27,116,3.88,True,10,1.0,True,10
dsgdb9nsd_000477,True,True,68,7.63,total_processing_time_footer,-341.5896616534,0.750231,/Users/leodong/Downloads/Research/test_molecules/QM9_Data/dsgdb9nsd_000477.txt,True,352,21.25,total_processing_time_footer,-341.5896612665,0.750231,/Users/leodong/Downloads/Research/test_molecules/final_eval_medium_beta_restart_raw/mol_dsgdb9nsd_000477.txt,slower_than_standard_success,False,False,284,417.65,13.62,178.51,284,13.62,True,10,1.0,True,10
dsgdb9nsd_000463,True,True,598,63.49,total_processing_time_footer,-284.7483608157,0.767123,/Users/leodong/Downloads/Research/test_molecules/QM9_Data/dsgdb9nsd_000463.txt,False,2113,145.0,job_start_to_termination_timestamp,-284.8133750647,0.750152,/Users/leodong/Downloads/Research/test_molecules/final_eval_medium_beta_restart_raw/mol_dsgdb9nsd_000463.txt,harmed_standard_success,True,False,1515,253.34,81.51,128.38,1515,81.51,True,10,1.0,True,10
dsgdb9nsd_123318,True,True,824,134.54,total_processing_time_footer,-392.0955240667,0.949427,/Users/leodong/Downloads/Research/test_molecules/QM9_Data/dsgdb9nsd_123318.txt,True,801,80.88,total_processing_time_footer,-392.0955221915,0.949282,/Users/leodong/Downloads/Research/test_molecules/final_eval_medium_beta_restart_raw/mol_dsgdb9nsd_123318.txt,accelerated_standard_success,False,False,-23,-2.79,-53.66,-39.88,0,0.0,False,0,0.0,False,
dsgdb9nsd_084372,True,True,119,25.02,total_processing_time_footer,-457.5560903075,0.754081,/Users/leodong/Downloads/Research/test_molecules/QM9_Data/dsgdb9nsd_084372.txt,True,194,23.64,total_processing_time_footer,-457.5561012783,0.753456,/Users/leodong/Downloads/Research/test_molecules/final_eval_medium_beta_restart_raw/mol_dsgdb9nsd_084372.txt,slower_than_standard_success,False,False,75,63.03,-1.38,-5.52,75,0.0,True,6,0.6,False,
dsgdb9nsd_000066,True,True,142,11.48,total_processing_time_footer,-229.6867696432,0.750244,/Users/leodong/Downloads/Research/test_molecules/QM9_Data/dsgdb9nsd_000066.txt,True,100,5.81,total_processing_time_footer,-229.7275940468,0.750674,/Users/leodong/Downloads/Research/test_molecules/final_eval_medium_beta_restart_raw/mol_dsgdb9nsd_000066.txt,accelerated_standard_success,False,False,-42,-29.58,-5.67,-49.39,0,0.0,True,6,0.6,False,
dsgdb9nsd_000700,True,True,69,7.38,total_processing_time_footer,-303.2925085377,0.750191,/Users/leodong/Downloads/Research/test_molecules/QM9_Data/dsgdb9nsd_000700.txt,True,60,4.42,total_processing_time_footer,-303.2925299919,0.750184,/Users/leodong/Downloads/Research/test_molecules/final_eval_medium_beta_restart_raw/mol_dsgdb9nsd_000700.txt,accelerated_standard_success,False,False,-9,-13.04,-2.96,-40.11,0,0.0,False,0,0.0,False,
dsgdb9nsd_111221,True,True,41,8.73,total_processing_time_footer,-421.6649771443,0.750175,/Users/leodong/Downloads/Research/test_molecules/QM9_Data/dsgdb9nsd_111221.txt,True,121,16.23,total_processing_time_footer,-421.6649821057,0.750176,/Users/leodong/Downloads/Research/test_molecules/final_eval_medium_beta_restart_raw/mol_dsgdb9nsd_111221.txt,slower_than_standard_success,False,False,80,195.12,7.5,85.91,80,7.5,False,0,0.0,False,
dsgdb9nsd_000460,True,True,603,66.46,total_processing_time_footer,-284.7504054132,0.767512,/Users/leodong/Downloads/Research/test_molecules/QM9_Data/dsgdb9nsd_000460.txt,True,182,15.16,total_processing_time_footer,-284.8204807756,0.750207,/Users/leodong/Downloads/Research/test_molecules/final_eval_medium_beta_restart_raw/mol_dsgdb9nsd_000460.txt,accelerated_standard_success,False,False,-421,-69.82,-51.3,-77.19,0,0.0,True,10,1.0,True,10
dsgdb9nsd_020997,True,True,45,7.12,total_processing_time_footer,-377.6829393077,0.750591,/Users/leodong/Downloads/Research/test_molecules/QM9_Data/dsgdb9nsd_020997.txt,True,92,9.24,total_processing_time_footer,-377.7173140027,0.750153,/Users/leodong/Downloads/Research/test_molecules/final_eval_medium_beta_restart_raw/mol_dsgdb9nsd_020997.txt,slower_than_standard_success,False,False,47,104.44,2.12,29.78,47,2.12,True,6,0.6,False,
dsgdb9nsd_000070,True,True,77,7.14,total_processing_time_footer,-246.946122699,0.750583,/Users/leodong/Downloads/Research/test_molecules/QM9_Data/dsgdb9nsd_000070.txt,True,46,4.39,total_processing_time_footer,-246.9748625468,0.750281,/Users/leodong/Downloads/Research/test_molecules/final_eval_medium_beta_restart_raw/mol_dsgdb9nsd_000070.txt,accelerated_standard_success,False,False,-31,-40.26,-2.75,-38.52,0,0.0,True,2,0.2,False,
dsgdb9nsd_001347,True,True,355,50.9,total_processing_time_footer,-323.822283638,0.750157,/Users/leodong/Downloads/Research/test_molecules/QM9_Data/dsgdb9nsd_001347.txt,False,2111,192.0,job_start_to_termination_timestamp,-323.7913913963,0.760009,/Users/leodong/Downloads/Research/test_molecules/final_eval_medium_beta_restart_raw/mol_dsgdb9nsd_001347.txt,harmed_standard_success,True,False,1756,494.65,141.1,277.21,1756,141.1,True,10,1.0,True,10
dsgdb9nsd_000105,True,True,33,3.23,total_processing_time_footer,-193.8640736713,0.750168,/Users/leodong/Downloads/Research/test_molecules/QM9_Data/dsgdb9nsd_000105.txt,True,33,4.88,total_processing_time_footer,-193.8640744047,0.750167,/Users/leodong/Downloads/Research/test_molecules/final_eval_medium_beta_restart_raw/mol_dsgdb9nsd_000105.txt,matched_standard_success,False,False,0,0.0,1.65,51.08,0,1.65,False,0,0.0,False,
dsgdb9nsd_002946,True,True,191,27.55,total_processing_time_footer,-344.8521252026,0.75021,/Users/leodong/Downloads/Research/test_molecules/QM9_Data/dsgdb9nsd_002946.txt,True,381,33.05,total_processing_time_footer,-344.8521270928,0.750211,/Users/leodong/Downloads/Research/test_molecules/final_eval_medium_beta_restart_raw/mol_dsgdb9nsd_002946.txt,slower_than_standard_success,False,False,190,99.48,5.5,19.96,190,5.5,False,0,0.0,False,
dsgdb9nsd_010577,True,True,51,7.51,total_processing_time_footer,-323.375972821,0.750548,/Users/leodong/Downloads/Research/test_molecules/QM9_Data/dsgdb9nsd_010577.txt,True,48,4.88,total_processing_time_footer,-323.3860143715,0.750455,/Users/leodong/Downloads/Research/test_molecules/final_eval_medium_beta_restart_raw/mol_dsgdb9nsd_010577.txt,accelerated_standard_success,False,False,-3,-5.88,-2.63,-35.02,0,0.0,True,1,0.1,False,
dsgdb9nsd_000214,True,True,35,3.56,total_processing_time_footer,-230.6331431111,0.815647,/Users/leodong/Downloads/Research/test_molecules/QM9_Data/dsgdb9nsd_000214.txt,True,213,17.31,total_processing_time_footer,-230.6331431363,0.815632,/Users/leodong/Downloads/Research/test_molecules/final_eval_medium_beta_restart_raw/mol_dsgdb9nsd_000214.txt,slower_than_standard_success,False,False,178,508.57,13.75,386.24,178,13.75,True,10,1.0,True,10
dsgdb9nsd_000200,True,True,729,60.17,total_processing_time_footer,-299.6701215884,0.750216,/Users/leodong/Downloads/Research/test_molecules/QM9_Data/dsgdb9nsd_000200.txt,False,2164,130.0,job_start_to_termination_timestamp,-299.6602287447,0.750273,/Users/leodong/Downloads/Research/test_molecules/final_eval_medium_beta_restart_raw/mol_dsgdb9nsd_000200.txt,harmed_standard_success,True,False,1435,196.84,69.83,116.05,1435,69.83,True,10,1.0,True,10
dsgdb9nsd_027872,True,True,236,57.48,total_processing_time_footer,-347.7630142266,1.119464,/Users/leodong/Downloads/Research/test_molecules/QM9_Data/dsgdb9nsd_027872.txt,False,2111,243.0,job_start_to_termination_timestamp,-347.7630426239,1.118157,/Users/leodong/Downloads/Research/test_molecules/final_eval_medium_beta_restart_raw/mol_dsgdb9nsd_027872.txt,harmed_standard_success,True,False,1875,794.49,185.52,322.76,1875,185.52,True,10,1.0,True,10
dsgdb9nsd_001335,True,True,156,25.12,total_processing_time_footer,-344.8032508021,0.750129,/Users/leodong/Downloads/Research/test_molecules/QM9_Data/dsgdb9nsd_001335.txt,True,136,15.52,total_processing_time_footer,-344.8032563658,0.750131,/Users/leodong/Downloads/Research/test_molecules/final_eval_medium_beta_restart_raw/mol_dsgdb9nsd_001335.txt,accelerated_standard_success,False,False,-20,-12.82,-9.6,-38.22,0,0.0,False,0,0.0,False,
dsgdb9nsd_011091,True,True,41,6.22,total_processing_time_footer,-339.5325402672,0.753303,/Users/leodong/Downloads/Research/test_molecules/QM9_Data/dsgdb9nsd_011091.txt,True,44,6.93,total_processing_time_footer,-339.5325390832,0.753344,/Users/leodong/Downloads/Research/test_molecules/final_eval_medium_beta_restart_raw/mol_dsgdb9nsd_011091.txt,slower_than_standard_success,False,False,3,7.32,0.71,11.41,3,0.71,False,0,0.0,False,
dsgdb9nsd_002562,True,True,39,3.79,total_processing_time_footer,-316.4549558152,0.754248,/Users/leodong/Downloads/Research/test_molecules/QM9_Data/dsgdb9nsd_002562.txt,True,106,9.87,total_processing_time_footer,-316.4549554763,0.753565,/Users/leodong/Downloads/Research/test_molecules/final_eval_medium_beta_restart_raw/mol_dsgdb9nsd_002562.txt,slower_than_standard_success,False,False,67,171.79,6.08,160.42,67,6.08,True,3,0.3,False,
dsgdb9nsd_010574,True,True,253,34.09,total_processing_time_footer,-343.1768957536,0.761761,/Users/leodong/Downloads/Research/test_molecules/QM9_Data/dsgdb9nsd_010574.txt,True,169,14.65,total_processing_time_footer,-343.2246755732,0.750199,/Users/leodong/Downloads/Research/test_molecules/final_eval_medium_beta_restart_raw/mol_dsgdb9nsd_010574.txt,accelerated_standard_success,False,False,-84,-33.2,-19.44,-57.03,0,0.0,True,10,1.0,True,10
dsgdb9nsd_000029,True,True,33,2.46,total_processing_time_footer,-154.8347227841,0.750224,/Users/leodong/Downloads/Research/test_molecules/QM9_Data/dsgdb9nsd_000029.txt,True,49,3.29,total_processing_time_footer,-154.8799709826,0.750257,/Users/leodong/Downloads/Research/test_molecules/final_eval_medium_beta_restart_raw/mol_dsgdb9nsd_000029.txt,slower_than_standard_success,False,False,16,48.48,0.83,33.74,16,0.83,True,3,0.3,False,
dsgdb9nsd_000202,True,True,59,5.86,total_processing_time_footer,-263.7947703019,0.751111,/Users/leodong/Downloads/Research/test_molecules/QM9_Data/dsgdb9nsd_000202.txt,True,106,8.07,total_processing_time_footer,-263.8443875675,0.750133,/Users/leodong/Downloads/Research/test_molecules/final_eval_medium_beta_restart_raw/mol_dsgdb9nsd_000202.txt,slower_than_standard_success,False,False,47,79.66,2.21,37.71,47,2.21,True,6,0.6,False,
dsgdb9nsd_011086,True,True,288,44.92,total_processing_time_footer,-307.4207941055,0.750484,/Users/leodong/Downloads/Research/test_molecules/QM9_Data/dsgdb9nsd_011086.txt,True,77,8.99,total_processing_time_footer,-307.4207966461,0.750558,/Users/leodong/Downloads/Research/test_molecules/final_eval_medium_beta_restart_raw/mol_dsgdb9nsd_011086.txt,accelerated_standard_success,False,False,-211,-73.26,-35.93,-79.99,0,0.0,True,1,0.1,False,
dsgdb9nsd_000606,True,True,93,8.87,total_processing_time_footer,-267.5424245106,0.750284,/Users/leodong/Downloads/Research/test_molecules/QM9_Data/dsgdb9nsd_000606.txt,True,87,6.7,total_processing_time_footer,-267.5622287071,0.750145,/Users/leodong/Downloads/Research/test_molecules/final_eval_medium_beta_restart_raw/mol_dsgdb9nsd_000606.txt,accelerated_standard_success,False,False,-6,-6.45,-2.17,-24.46,0,0.0,True,5,0.5,False,
dsgdb9nsd_002559,True,True,148,15.42,total_processing_time_footer,-304.1287676009,0.768106,/Users/leodong/Downloads/Research/test_molecules/QM9_Data/dsgdb9nsd_002559.txt,True,228,17.54,total_processing_time_footer,-304.128770646,0.76797,/Users/leodong/Downloads/Research/test_molecules/final_eval_medium_beta_restart_raw/mol_dsgdb9nsd_002559.txt,slower_than_standard_success,False,False,80,54.05,2.12,13.75,80,2.12,True,10,1.0,True,10
dsgdb9nsd_068031,True,True,38,7.69,total_processing_time_footer,-436.4814253255,0.750218,/Users/leodong/Downloads/Research/test_molecules/QM9_Data/dsgdb9nsd_068031.txt,True,45,7.24,total_processing_time_footer,-436.4814317887,0.750218,/Users/leodong/Downloads/Research/test_molecules/final_eval_medium_beta_restart_raw/mol_dsgdb9nsd_068031.txt,slower_than_standard_success,False,False,7,18.42,-0.45,-5.85,7,0.0,False,0,0.0,False,
dsgdb9nsd_007145,True,True,416,80.26,total_processing_time_footer,-399.7816314333,0.767238,/Users/leodong/Downloads/Research/test_molecules/QM9_Data/dsgdb9nsd_007145.txt,True,61,9.72,total_processing_time_footer,-399.8876381913,0.750184,/Users/leodong/Downloads/Research/test_molecules/final_eval_medium_beta_restart_raw/mol_dsgdb9nsd_007145.txt,accelerated_standard_success,False,False,-355,-85.34,-70.54,-87.89,0,0.0,True,1,0.1,False,
dsgdb9nsd_024011,True,True,34,4.1,total_processing_time_footer,-412.07341794,1.000186,/Users/leodong/Downloads/Research/test_molecules/QM9_Data/dsgdb9nsd_024011.txt,True,34,6.15,total_processing_time_footer,-412.0734180765,1.000192,/Users/leodong/Downloads/Research/test_molecules/final_eval_medium_beta_restart_raw/mol_dsgdb9nsd_024011.txt,matched_standard_success,False,False,0,0.0,2.05,50.0,0,2.05,False,0,0.0,False,
dsgdb9nsd_000010,True,True,52,2.56,total_processing_time_footer,-131.7989095897,0.802133,/Users/leodong/Downloads/Research/test_molecules/QM9_Data/dsgdb9nsd_000010.txt,True,218,9.58,total_processing_time_footer,-131.7989080142,0.8014,/Users/leodong/Downloads/Research/test_molecules/final_eval_medium_beta_restart_raw/mol_dsgdb9nsd_000010.txt,slower_than_standard_success,False,False,166,319.23,7.02,274.22,166,7.02,True,10,1.0,True,10
dsgdb9nsd_003928,True,True,123,13.77,total_processing_time_footer,-353.4721640283,0.79711,/Users/leodong/Downloads/Research/test_molecules/QM9_Data/dsgdb9nsd_003928.txt,True,242,17.37,total_processing_time_footer,-353.4990955711,0.79108,/Users/leodong/Downloads/Research/test_molecules/final_eval_medium_beta_restart_raw/mol_dsgdb9nsd_003928.txt,slower_than_standard_success,False,False,119,96.75,3.6,26.14,119,3.6,True,10,1.0,True,10
dsgdb9nsd_000207,True,True,110,10.84,total_processing_time_footer,-283.5696591757,0.769494,/Users/leodong/Downloads/Research/test_molecules/QM9_Data/dsgdb9nsd_000207.txt,True,173,12.18,total_processing_time_footer,-283.6325293975,0.750769,/Users/leodong/Downloads/Research/test_molecules/final_eval_medium_beta_restart_raw/mol_dsgdb9nsd_000207.txt,slower_than_standard_success,False,False,63,57.27,1.34,12.36,63,1.34,True,7,0.7,False,
dsgdb9nsd_002148,True,True,713,132.26,total_processing_time_footer,-271.9465668699,0.756515,/Users/leodong/Downloads/Research/test_molecules/QM9_Data/dsgdb9nsd_002148.txt,True,101,11.56,total_processing_time_footer,-272.0248357277,0.750367,/Users/leodong/Downloads/Research/test_molecules/final_eval_medium_beta_restart_raw/mol_dsgdb9nsd_002148.txt,accelerated_standard_success,False,False,-612,-85.83,-120.7,-91.26,0,0.0,True,5,0.5,False,
dsgdb9nsd_003691,True,True,36,4.45,total_processing_time_footer,-318.8769551777,0.750153,/Users/leodong/Downloads/Research/test_molecules/QM9_Data/dsgdb9nsd_003691.txt,True,33,3.35,total_processing_time_footer,-318.876955376,0.750151,/Users/leodong/Downloads/Research/test_molecules/final_eval_medium_beta_restart_raw/mol_dsgdb9nsd_003691.txt,accelerated_standard_success,False,False,-3,-8.33,-1.1,-24.72,0,0.0,True,1,0.1,False,
dsgdb9nsd_027916,True,True,32,6.18,total_processing_time_footer,-455.2715595761,0.750473,/Users/leodong/Downloads/Research/test_molecules/QM9_Data/dsgdb9nsd_027916.txt,True,32,7.22,total_processing_time_footer,-455.2715602324,0.750977,/Users/leodong/Downloads/Research/test_molecules/final_eval_medium_beta_restart_raw/mol_dsgdb9nsd_027916.txt,matched_standard_success,False,False,0,0.0,1.04,16.83,0,1.04,False,0,0.0,False,
dsgdb9nsd_000985,True,True,60,7.17,total_processing_time_footer,-374.4526398425,0.777049,/Users/leodong/Downloads/Research/test_molecules/QM9_Data/dsgdb9nsd_000985.txt,True,93,9.19,total_processing_time_footer,-374.5166271185,0.750167,/Users/leodong/Downloads/Research/test_molecules/final_eval_medium_beta_restart_raw/mol_dsgdb9nsd_000985.txt,slower_than_standard_success,False,False,33,55.0,2.02,28.17,33,2.02,True,5,0.5,False,
dsgdb9nsd_009989,True,True,32,4.26,total_processing_time_footer,-343.2378322066,0.763622,/Users/leodong/Downloads/Research/test_molecules/QM9_Data/dsgdb9nsd_009989.txt,False,2123,174.0,job_start_to_termination_timestamp,-343.234662546,0.761065,/Users/leodong/Downloads/Research/test_molecules/final_eval_medium_beta_restart_raw/mol_dsgdb9nsd_009989.txt,harmed_standard_success,True,False,2091,6534.38,169.74,3984.51,2091,169.74,True,10,1.0,True,10
dsgdb9nsd_037331,True,True,50,13.18,total_processing_time_footer,-347.6737363787,0.750119,/Users/leodong/Downloads/Research/test_molecules/QM9_Data/dsgdb9nsd_037331.txt,True,37,9.26,total_processing_time_footer,-347.6737124537,0.750112,/Users/leodong/Downloads/Research/test_molecules/final_eval_medium_beta_restart_raw/mol_dsgdb9nsd_037331.txt,accelerated_standard_success,False,False,-13,-26.0,-3.92,-29.74,0,0.0,False,0,0.0,False,
dsgdb9nsd_000204,True,True,92,8.8,total_processing_time_footer,-283.6150586955,0.757791,/Users/leodong/Downloads/Research/test_molecules/QM9_Data/dsgdb9nsd_000204.txt,True,285,19.02,total_processing_time_footer,-283.6150583275,0.751685,/Users/leodong/Downloads/Research/test_molecules/final_eval_medium_beta_restart_raw/mol_dsgdb9nsd_000204.txt,slower_than_standard_success,False,False,193,209.78,10.22,116.14,193,10.22,True,10,1.0,True,10
dsgdb9nsd_102413,True,True,34,8.49,total_processing_time_footer,-495.7227511916,0.750058,/Users/leodong/Downloads/Research/test_molecules/QM9_Data/dsgdb9nsd_102413.txt,True,34,4.92,total_processing_time_footer,-495.7227500402,0.750059,/Users/leodong/Downloads/Research/test_molecules/final_eval_medium_beta_restart_raw/mol_dsgdb9nsd_102413.txt,matched_standard_success,False,False,0,0.0,-3.57,-42.05,0,0.0,False,0,0.0,False,
dsgdb9nsd_033369,True,True,69,8.43,total_processing_time_footer,-374.966898032,0.855309,/Users/leodong/Downloads/Research/test_molecules/QM9_Data/dsgdb9nsd_033369.txt,False,2303,164.0,job_start_to_termination_timestamp,-374.9682235321,1.037023,/Users/leodong/Downloads/Research/test_molecules/final_eval_medium_beta_restart_raw/mol_dsgdb9nsd_033369.txt,harmed_standard_success,True,False,2234,3237.68,155.57,1845.43,2234,155.57,True,10,1.0,True,10
dsgdb9nsd_003269,True,True,43,10.41,total_processing_time_footer,-273.1971158286,0.750138,/Users/leodong/Downloads/Research/test_molecules/QM9_Data/dsgdb9nsd_003269.txt,True,98,12.35,total_processing_time_footer,-273.1971152503,0.750138,/Users/leodong/Downloads/Research/test_molecules/final_eval_medium_beta_restart_raw/mol_dsgdb9nsd_003269.txt,slower_than_standard_success,False,False,55,127.91,1.94,18.64,55,1.94,False,0,0.0,False,
dsgdb9nsd_000012,True,True,291,13.4,total_processing_time_footer,-168.8439525234,0.753897,/Users/leodong/Downloads/Research/test_molecules/QM9_Data/dsgdb9nsd_000012.txt,True,165,7.14,total_processing_time_footer,-168.8439534424,0.753931,/Users/leodong/Downloads/Research/test_molecules/final_eval_medium_beta_restart_raw/mol_dsgdb9nsd_000012.txt,accelerated_standard_success,False,False,-126,-43.3,-6.26,-46.72,0,0.0,True,10,1.0,True,10
dsgdb9nsd_001324,True,True,49,6.24,total_processing_time_footer,-306.6005822828,0.750256,/Users/leodong/Downloads/Research/test_molecules/QM9_Data/dsgdb9nsd_001324.txt,True,106,9.21,total_processing_time_footer,-306.6005809482,0.750235,/Users/leodong/Downloads/Research/test_molecules/final_eval_medium_beta_restart_raw/mol_dsgdb9nsd_001324.txt,slower_than_standard_success,False,False,57,116.33,2.97,47.6,57,2.97,True,6,0.6,False,
dsgdb9nsd_003106,True,True,34,4.55,total_processing_time_footer,-380.6250713788,0.75011,/Users/leodong/Downloads/Research/test_molecules/QM9_Data/dsgdb9nsd_003106.txt,True,108,10.49,total_processing_time_footer,-380.6250715086,0.75011,/Users/leodong/Downloads/Research/test_molecules/final_eval_medium_beta_restart_raw/mol_dsgdb9nsd_003106.txt,slower_than_standard_success,False,False,74,217.65,5.94,130.55,74,5.94,True,3,0.3,False,
dsgdb9nsd_000037,True,True,265,15.58,total_processing_time_footer,-227.6911501618,0.754913,/Users/leodong/Downloads/Research/test_molecules/QM9_Data/dsgdb9nsd_000037.txt,True,130,7.17,total_processing_time_footer,-227.759847268,0.750266,/Users/leodong/Downloads/Research/test_molecules/final_eval_medium_beta_restart_raw/mol_dsgdb9nsd_000037.txt,accelerated_standard_success,False,False,-135,-50.94,-8.41,-53.98,0,0.0,True,9,0.9,False,
dsgdb9nsd_000976,True,True,587,60.79,total_processing_time_footer,-354.6193272417,0.779685,/Users/leodong/Downloads/Research/test_molecules/QM9_Data/dsgdb9nsd_000976.txt,True,323,25.65,total_processing_time_footer,-354.6193245618,0.780124,/Users/leodong/Downloads/Research/test_molecules/final_eval_medium_beta_restart_raw/mol_dsgdb9nsd_000976.txt,accelerated_standard_success,False,False,-264,-44.97,-35.14,-57.81,0,0.0,True,10,1.0,True,10
dsgdb9nsd_101670,True,True,113,27.07,total_processing_time_footer,-459.9060238712,0.750153,/Users/leodong/Downloads/Research/test_molecules/QM9_Data/dsgdb9nsd_101670.txt,True,209,29.18,total_processing_time_footer,-459.906071315,0.750157,/Users/leodong/Downloads/Research/test_molecules/final_eval_medium_beta_restart_raw/mol_dsgdb9nsd_101670.txt,slower_than_standard_success,False,False,96,84.96,2.11,7.79,96,2.11,True,1,0.1,False,
dsgdb9nsd_000036,True,True,111,7.51,total_processing_time_footer,-207.8642883049,0.753834,/Users/leodong/Downloads/Research/test_molecules/QM9_Data/dsgdb9nsd_000036.txt,True,69,4.18,total_processing_time_footer,-207.9465506362,0.750153,/Users/leodong/Downloads/Research/test_molecules/final_eval_medium_beta_restart_raw/mol_dsgdb9nsd_000036.txt,accelerated_standard_success,False,False,-42,-37.84,-3.33,-44.34,0,0.0,True,4,0.4,False,
dsgdb9nsd_003488,True,True,50,7.73,total_processing_time_footer,-342.3920938227,0.750098,/Users/leodong/Downloads/Research/test_molecules/QM9_Data/dsgdb9nsd_003488.txt,True,25,4.08,total_processing_time_footer,-342.3920919146,0.750098,/Users/leodong/Downloads/Research/test_molecules/final_eval_medium_beta_restart_raw/mol_dsgdb9nsd_003488.txt,accelerated_standard_success,False,False,-25,-50.0,-3.65,-47.22,0,0.0,False,0,0.0,False,
dsgdb9nsd_003677,True,True,390,47.8,total_processing_time_footer,-302.8218069637,0.75266,/Users/leodong/Downloads/Research/test_molecules/QM9_Data/dsgdb9nsd_003677.txt,True,443,37.63,total_processing_time_footer,-302.8353252628,0.75015,/Users/leodong/Downloads/Research/test_molecules/final_eval_medium_beta_restart_raw/mol_dsgdb9nsd_003677.txt,slower_than_standard_success,False,False,53,13.59,-10.17,-21.28,53,0.0,True,10,1.0,True,10
dsgdb9nsd_000222,True,True,89,10.82,total_processing_time_footer,-268.7472450639,0.750185,/Users/leodong/Downloads/Research/test_molecules/QM9_Data/dsgdb9nsd_000222.txt,True,33,4.93,total_processing_time_footer,-268.7698236566,0.750248,/Users/leodong/Downloads/Research/test_molecules/final_eval_medium_beta_restart_raw/mol_dsgdb9nsd_000222.txt,accelerated_standard_success,False,False,-56,-62.92,-5.89,-54.44,0,0.0,True,1,0.1,False,
dsgdb9nsd_027886,True,True,31,5.94,total_processing_time_footer,-419.4554374553,0.750701,/Users/leodong/Downloads/Research/test_molecules/QM9_Data/dsgdb9nsd_027886.txt,True,332,36.19,total_processing_time_footer,-419.4554378741,0.751348,/Users/leodong/Downloads/Research/test_molecules/final_eval_medium_beta_restart_raw/mol_dsgdb9nsd_027886.txt,slower_than_standard_success,False,False,301,970.97,30.25,509.26,301,30.25,True,10,1.0,True,10
dsgdb9nsd_108858,True,True,296,79.92,total_processing_time_footer,-350.0970788281,0.750473,/Users/leodong/Downloads/Research/test_molecules/QM9_Data/dsgdb9nsd_108858.txt,True,77,14.12,total_processing_time_footer,-350.1068955519,0.750348,/Users/leodong/Downloads/Research/test_molecules/final_eval_medium_beta_restart_raw/mol_dsgdb9nsd_108858.txt,accelerated_standard_success,False,False,-219,-73.99,-65.8,-82.33,0,0.0,True,4,0.4,False,
dsgdb9nsd_000141,True,True,238,18.31,total_processing_time_footer,-228.446924789,0.762463,/Users/leodong/Downloads/Research/test_molecules/QM9_Data/dsgdb9nsd_000141.txt,True,129,6.92,total_processing_time_footer,-228.5107936564,0.750234,/Users/leodong/Downloads/Research/test_molecules/final_eval_medium_beta_restart_raw/mol_dsgdb9nsd_000141.txt,accelerated_standard_success,False,False,-109,-45.8,-11.39,-62.21,0,0.0,True,8,0.8,False,
dsgdb9nsd_036381,True,True,37,6.82,total_processing_time_footer,-346.4545382471,0.750185,/Users/leodong/Downloads/Research/test_molecules/QM9_Data/dsgdb9nsd_036381.txt,True,162,18.91,total_processing_time_footer,-346.4545400868,0.750202,/Users/leodong/Downloads/Research/test_molecules/final_eval_medium_beta_restart_raw/mol_dsgdb9nsd_036381.txt,slower_than_standard_success,False,False,125,337.84,12.09,177.27,125,12.09,True,10,1.0,True,10
dsgdb9nsd_000425,True,True,692,70.04,total_processing_time_footer,-284.8129492209,0.750167,/Users/leodong/Downloads/Research/test_molecules/QM9_Data/dsgdb9nsd_000425.txt,True,152,11.79,total_processing_time_footer,-284.8267592667,0.750253,/Users/leodong/Downloads/Research/test_molecules/final_eval_medium_beta_restart_raw/mol_dsgdb9nsd_000425.txt,accelerated_standard_success,False,False,-540,-78.03,-58.25,-83.17,0,0.0,True,10,1.0,True,10
dsgdb9nsd_019831,True,True,352,60.84,total_processing_time_footer,-308.657343265,0.750282,/Users/leodong/Downloads/Research/test_molecules/QM9_Data/dsgdb9nsd_019831.txt,True,93,12.75,total_processing_time_footer,-308.6658436392,0.750243,/Users/leodong/Downloads/Research/test_molecules/final_eval_medium_beta_restart_raw/mol_dsgdb9nsd_019831.txt,accelerated_standard_success,False,False,-259,-73.58,-48.09,-79.04,0,0.0,True,5,0.5,False,
dsgdb9nsd_044920,True,True,50,8.79,total_processing_time_footer,-451.3848567365,0.750152,/Users/leodong/Downloads/Research/test_molecules/QM9_Data/dsgdb9nsd_044920.txt,True,99,12.82,total_processing_time_footer,-451.3848810647,0.750172,/Users/leodong/Downloads/Research/test_molecules/final_eval_medium_beta_restart_raw/mol_dsgdb9nsd_044920.txt,slower_than_standard_success,False,False,49,98.0,4.03,45.85,49,4.03,False,0,0.0,False,
dsgdb9nsd_000019,True,True,219,13.88,total_processing_time_footer,-207.92944623,0.750183,/Users/leodong/Downloads/Research/test_molecules/QM9_Data/dsgdb9nsd_000019.txt,True,159,10.16,total_processing_time_footer,-207.9646272962,0.750231,/Users/leodong/Downloads/Research/test_molecules/final_eval_medium_beta_restart_raw/mol_dsgdb9nsd_000019.txt,accelerated_standard_success,False,False,-60,-27.4,-3.72,-26.8,0,0.0,True,10,1.0,True,10
dsgdb9nsd_074773,True,True,823,180.13,total_processing_time_footer,-383.4791522744,0.944703,/Users/leodong/Downloads/Research/test_molecules/QM9_Data/dsgdb9nsd_074773.txt,False,2189,251.0,job_start_to_termination_timestamp,-383.524561194,0.756888,/Users/leodong/Downloads/Research/test_molecules/final_eval_medium_beta_restart_raw/mol_dsgdb9nsd_074773.txt,harmed_standard_success,True,False,1366,165.98,70.87,39.34,1366,70.87,True,10,1.0,True,10
dsgdb9nsd_000541,True,True,452,45.6,total_processing_time_footer,-321.7481964588,0.751022,/Users/leodong/Downloads/Research/test_molecules/QM9_Data/dsgdb9nsd_000541.txt,True,96,6.81,total_processing_time_footer,-321.8096961207,0.750271,/Users/leodong/Downloads/Research/test_molecules/final_eval_medium_beta_restart_raw/mol_dsgdb9nsd_000541.txt,accelerated_standard_success,False,False,-356,-78.76,-38.79,-85.07,0,0.0,True,5,0.5,False,
dsgdb9nsd_017799,True,True,47,9.5,total_processing_time_footer,-382.6362192462,0.750199,/Users/leodong/Downloads/Research/test_molecules/QM9_Data/dsgdb9nsd_017799.txt,True,67,11.99,total_processing_time_footer,-382.636223785,0.750204,/Users/leodong/Downloads/Research/test_molecules/final_eval_medium_beta_restart_raw/mol_dsgdb9nsd_017799.txt,slower_than_standard_success,False,False,20,42.55,2.49,26.21,20,2.49,False,0,0.0,False,
dsgdb9nsd_000420,True,True,776,84.64,total_processing_time_footer,-284.7283055543,0.76544,/Users/leodong/Downloads/Research/test_molecules/QM9_Data/dsgdb9nsd_000420.txt,True,155,11.5,total_processing_time_footer,-284.8315238774,0.750204,/Users/leodong/Downloads/Research/test_molecules/final_eval_medium_beta_restart_raw/mol_dsgdb9nsd_000420.txt,accelerated_standard_success,False,False,-621,-80.03,-73.14,-86.41,0,0.0,True,10,1.0,True,10
dsgdb9nsd_008718,True,True,39,4.34,total_processing_time_footer,-377.8307682442,0.816163,/Users/leodong/Downloads/Research/test_molecules/QM9_Data/dsgdb9nsd_008718.txt,True,104,9.52,total_processing_time_footer,-377.8307682936,0.81582,/Users/leodong/Downloads/Research/test_molecules/final_eval_medium_beta_restart_raw/mol_dsgdb9nsd_008718.txt,slower_than_standard_success,False,False,65,166.67,5.18,119.35,65,5.18,True,2,0.2,False,
dsgdb9nsd_002816,True,True,102,11.0,total_processing_time_footer,-336.259836034,0.793986,/Users/leodong/Downloads/Research/test_molecules/QM9_Data/dsgdb9nsd_002816.txt,True,110,9.4,total_processing_time_footer,-336.3041716846,0.750189,/Users/leodong/Downloads/Research/test_molecules/final_eval_medium_beta_restart_raw/mol_dsgdb9nsd_002816.txt,slower_than_standard_success,False,False,8,7.84,-1.6,-14.55,8,0.0,True,6,0.6,False,
dsgdb9nsd_014734,True,True,126,21.81,total_processing_time_footer,-364.0339527301,0.750523,/Users/leodong/Downloads/Research/test_molecules/QM9_Data/dsgdb9nsd_014734.txt,True,65,9.51,total_processing_time_footer,-364.0339491574,0.7511,/Users/leodong/Downloads/Research/test_molecules/final_eval_medium_beta_restart_raw/mol_dsgdb9nsd_014734.txt,accelerated_standard_success,False,False,-61,-48.41,-12.3,-56.4,0,0.0,True,2,0.2,False,
dsgdb9nsd_003664,True,True,742,77.03,total_processing_time_footer,-338.635215474,0.755531,/Users/leodong/Downloads/Research/test_molecules/QM9_Data/dsgdb9nsd_003664.txt,False,2111,170.0,job_start_to_termination_timestamp,-338.606676061,0.846537,/Users/leodong/Downloads/Research/test_molecules/final_eval_medium_beta_restart_raw/mol_dsgdb9nsd_003664.txt,harmed_standard_success,True,False,1369,184.5,92.97,120.69,1369,92.97,True,10,1.0,True,10
dsgdb9nsd_000120,True,True,32,3.06,total_processing_time_footer,-246.9059533756,0.756144,/Users/leodong/Downloads/Research/test_molecules/QM9_Data/dsgdb9nsd_000120.txt,True,37,3.06,total_processing_time_footer,-246.9351069943,0.750252,/Users/leodong/Downloads/Research/test_molecules/final_eval_medium_beta_restart_raw/mol_dsgdb9nsd_000120.txt,slower_than_standard_success,False,False,5,15.62,0.0,0.0,5,0.0,True,1,0.1,False,
dsgdb9nsd_005676,True,True,44,5.23,total_processing_time_footer,-411.1142509039,0.939186,/Users/leodong/Downloads/Research/test_molecules/QM9_Data/dsgdb9nsd_005676.txt,True,38,4.02,total_processing_time_footer,-411.1500358333,0.788955,/Users/leodong/Downloads/Research/test_molecules/final_eval_medium_beta_restart_raw/mol_dsgdb9nsd_005676.txt,accelerated_standard_success,False,False,-6,-13.64,-1.21,-23.14,0,0.0,True,1,0.1,False,
dsgdb9nsd_003944,True,True,32,4.21,total_processing_time_footer,-390.4286678888,0.811872,/Users/leodong/Downloads/Research/test_molecules/QM9_Data/dsgdb9nsd_003944.txt,True,38,4.16,total_processing_time_footer,-390.4286681904,0.81187,/Users/leodong/Downloads/Research/test_molecules/final_eval_medium_beta_restart_raw/mol_dsgdb9nsd_003944.txt,slower_than_standard_success,False,False,6,18.75,-0.05,-1.19,6,0.0,False,0,0.0,False,
dsgdb9nsd_017925,True,True,49,10.88,total_processing_time_footer,-309.8100444767,0.750116,/Users/leodong/Downloads/Research/test_molecules/QM9_Data/dsgdb9nsd_017925.txt,True,60,11.31,total_processing_time_footer,-309.8100460826,0.750116,/Users/leodong/Downloads/Research/test_molecules/final_eval_medium_beta_restart_raw/mol_dsgdb9nsd_017925.txt,slower_than_standard_success,False,False,11,22.45,0.43,3.95,11,0.43,False,0,0.0,False,
dsgdb9nsd_018801,True,True,420,68.76,total_processing_time_footer,-340.5837479152,0.756889,/Users/leodong/Downloads/Research/test_molecules/QM9_Data/dsgdb9nsd_018801.txt,True,613,54.71,total_processing_time_footer,-340.5837508352,0.756906,/Users/leodong/Downloads/Research/test_molecules/final_eval_medium_beta_restart_raw/mol_dsgdb9nsd_018801.txt,slower_than_standard_success,False,False,193,45.95,-14.05,-20.43,193,0.0,True,10,1.0,True,10
dsgdb9nsd_000109,True,True,147,9.58,total_processing_time_footer,-223.5420067651,0.806656,/Users/leodong/Downloads/Research/test_molecules/QM9_Data/dsgdb9nsd_000109.txt,True,156,8.73,total_processing_time_footer,-223.6028929666,0.750752,/Users/leodong/Downloads/Research/test_molecules/final_eval_medium_beta_restart_raw/mol_dsgdb9nsd_000109.txt,slower_than_standard_success,False,False,9,6.12,-0.85,-8.87,9,0.0,True,8,0.8,False,
dsgdb9nsd_000653,True,True,48,6.37,total_processing_time_footer,-268.7238869192,0.750158,/Users/leodong/Downloads/Research/test_molecules/QM9_Data/dsgdb9nsd_000653.txt,True,32,5.55,total_processing_time_footer,-268.7238863366,0.750158,/Users/leodong/Downloads/Research/test_molecules/final_eval_medium_beta_restart_raw/mol_dsgdb9nsd_000653.txt,accelerated_standard_success,False,False,-16,-33.33,-0.82,-12.87,0,0.0,False,0,0.0,False,
dsgdb9nsd_000647,True,True,101,11.26,total_processing_time_footer,-267.5087659051,0.757531,/Users/leodong/Downloads/Research/test_molecules/QM9_Data/dsgdb9nsd_000647.txt,True,229,17.48,total_processing_time_footer,-267.5087690327,0.757529,/Users/leodong/Downloads/Research/test_molecules/final_eval_medium_beta_restart_raw/mol_dsgdb9nsd_000647.txt,slower_than_standard_success,False,False,128,126.73,6.22,55.24,128,6.22,True,10,1.0,True,10
dsgdb9nsd_033716,True,True,170,35.85,total_processing_time_footer,-345.2188115623,0.750781,/Users/leodong/Downloads/Research/test_molecules/QM9_Data/dsgdb9nsd_033716.txt,True,208,21.45,total_processing_time_footer,-345.2193607827,0.750468,/Users/leodong/Downloads/Research/test_molecules/final_eval_medium_beta_restart_raw/mol_dsgdb9nsd_033716.txt,slower_than_standard_success,False,False,38,22.35,-14.4,-40.17,38,0.0,True,8,0.8,False,
dsgdb9nsd_000447,True,True,41,4.22,total_processing_time_footer,-320.6371415199,0.750262,/Users/leodong/Downloads/Research/test_molecules/QM9_Data/dsgdb9nsd_000447.txt,True,38,4.6,total_processing_time_footer,-320.6371392067,0.750266,/Users/leodong/Downloads/Research/test_molecules/final_eval_medium_beta_restart_raw/mol_dsgdb9nsd_000447.txt,accelerated_standard_success,False,False,-3,-7.32,0.38,9.0,0,0.38,False,0,0.0,False,
dsgdb9nsd_003749,True,True,65,7.95,total_processing_time_footer,-354.6578548304,0.750587,/Users/leodong/Downloads/Research/test_molecules/QM9_Data/dsgdb9nsd_003749.txt,True,124,10.54,total_processing_time_footer,-354.6941653117,0.750221,/Users/leodong/Downloads/Research/test_molecules/final_eval_medium_beta_restart_raw/mol_dsgdb9nsd_003749.txt,slower_than_standard_success,False,False,59,90.77,2.59,32.58,59,2.59,True,8,0.8,False,
dsgdb9nsd_004581,True,True,464,81.17,total_processing_time_footer,-340.7422940564,0.750155,/Users/leodong/Downloads/Research/test_molecules/QM9_Data/dsgdb9nsd_004581.txt,True,1168,97.33,total_processing_time_footer,-340.7481723013,0.750245,/Users/leodong/Downloads/Research/test_molecules/final_eval_medium_beta_restart_raw/mol_dsgdb9nsd_004581.txt,slower_than_standard_success,False,False,704,151.72,16.16,19.91,704,16.16,True,10,1.0,True,10
dsgdb9nsd_005674,True,True,166,26.71,total_processing_time_footer,-379.1619581221,0.830151,/Users/leodong/Downloads/Research/test_molecules/QM9_Data/dsgdb9nsd_005674.txt,True,100,9.51,total_processing_time_footer,-379.1618574908,0.754365,/Users/leodong/Downloads/Research/test_molecules/final_eval_medium_beta_restart_raw/mol_dsgdb9nsd_005674.txt,accelerated_standard_success,False,False,-66,-39.76,-17.2,-64.4,0,0.0,True,1,0.1,False,
dsgdb9nsd_002043,True,True,689,129.08,total_processing_time_footer,-271.9286170375,0.750152,/Users/leodong/Downloads/Research/test_molecules/QM9_Data/dsgdb9nsd_002043.txt,True,1142,132.26,total_processing_time_footer,-271.9286261311,0.750151,/Users/leodong/Downloads/Research/test_molecules/final_eval_medium_beta_restart_raw/mol_dsgdb9nsd_002043.txt,slower_than_standard_success,False,False,453,65.75,3.18,2.46,453,3.18,False,0,0.0,False,
dsgdb9nsd_002916,True,True,45,7.17,total_processing_time_footer,-323.870258273,0.750434,/Users/leodong/Downloads/Research/test_molecules/QM9_Data/dsgdb9nsd_002916.txt,True,87,10.55,total_processing_time_footer,-323.8702568481,0.750488,/Users/leodong/Downloads/Research/test_molecules/final_eval_medium_beta_restart_raw/mol_dsgdb9nsd_002916.txt,slower_than_standard_success,False,False,42,93.33,3.38,47.14,42,3.38,True,3,0.3,False,
dsgdb9nsd_016793,True,True,101,15.73,total_processing_time_footer,-412.3575397952,0.780872,/Users/leodong/Downloads/Research/test_molecules/QM9_Data/dsgdb9nsd_016793.txt,True,59,7.37,total_processing_time_footer,-412.4040616379,0.750178,/Users/leodong/Downloads/Research/test_molecules/final_eval_medium_beta_restart_raw/mol_dsgdb9nsd_016793.txt,accelerated_standard_success,False,False,-42,-41.58,-8.36,-53.15,0,0.0,True,3,0.3,False,
dsgdb9nsd_000047,True,True,62,7.13,total_processing_time_footer,-156.0506869481,0.750207,/Users/leodong/Downloads/Research/test_molecules/QM9_Data/dsgdb9nsd_000047.txt,True,164,11.0,total_processing_time_footer,-156.0506879085,0.750207,/Users/leodong/Downloads/Research/test_molecules/final_eval_medium_beta_restart_raw/mol_dsgdb9nsd_000047.txt,slower_than_standard_success,False,False,102,164.52,3.87,54.28,102,3.87,False,0,0.0,False,
dsgdb9nsd_000723,True,True,66,7.11,total_processing_time_footer,-294.2752434511,0.804017,/Users/leodong/Downloads/Research/test_molecules/QM9_Data/dsgdb9nsd_000723.txt,True,682,33.82,total_processing_time_footer,-294.4488623822,1.79187,/Users/leodong/Downloads/Research/test_molecules/final_eval_medium_beta_restart_raw/mol_dsgdb9nsd_000723.txt,slower_than_standard_success,False,False,616,933.33,26.71,375.67,616,26.71,True,10,1.0,True,10
dsgdb9nsd_000291,True,True,76,12.77,total_processing_time_footer,-235.3264677147,0.75012,/Users/leodong/Downloads/Research/test_molecules/QM9_Data/dsgdb9nsd_000291.txt,True,41,6.29,total_processing_time_footer,-235.3264547564,0.750124,/Users/leodong/Downloads/Research/test_molecules/final_eval_medium_beta_restart_raw/mol_dsgdb9nsd_000291.txt,accelerated_standard_success,False,False,-35,-46.05,-6.48,-50.74,0,0.0,False,0,0.0,False,
dsgdb9nsd_000520,True,True,69,8.85,total_processing_time_footer,-285.9479793698,0.754226,/Users/leodong/Downloads/Research/test_molecules/QM9_Data/dsgdb9nsd_000520.txt,True,90,7.92,total_processing_time_footer,-285.9716712807,0.750266,/Users/leodong/Downloads/Research/test_molecules/final_eval_medium_beta_restart_raw/mol_dsgdb9nsd_000520.txt,slower_than_standard_success,False,False,21,30.43,-0.93,-10.51,21,0.0,True,5,0.5,False,
dsgdb9nsd_000695,True,True,857,103.08,total_processing_time_footer,-231.6873638936,0.750276,/Users/leodong/Downloads/Research/test_molecules/QM9_Data/dsgdb9nsd_000695.txt,True,220,18.75,total_processing_time_footer,-231.6873594725,0.75028,/Users/leodong/Downloads/Research/test_molecules/final_eval_medium_beta_restart_raw/mol_dsgdb9nsd_000695.txt,accelerated_standard_success,False,False,-637,-74.33,-84.33,-81.81,0,0.0,False,0,0.0,False,
dsgdb9nsd_000656,True,True,341,40.56,total_processing_time_footer,-232.9117952972,0.757018,/Users/leodong/Downloads/Research/test_molecules/QM9_Data/dsgdb9nsd_000656.txt,True,136,12.18,total_processing_time_footer,-232.9945224807,0.750549,/Users/leodong/Downloads/Research/test_molecules/final_eval_medium_beta_restart_raw/mol_dsgdb9nsd_000656.txt,accelerated_standard_success,False,False,-205,-60.12,-28.38,-69.97,0,0.0,True,8,0.8,False,
