mean_fit_time,std_fit_time,mean_score_time,std_score_time,param_learning_rate,param_n_estimators,params,split0_test_AUC,split1_test_AUC,split2_test_AUC,split3_test_AUC,split4_test_AUC,mean_test_AUC,std_test_AUC,rank_test_AUC,split0_train_AUC,split1_train_AUC,split2_train_AUC,split3_train_AUC,split4_train_AUC,mean_train_AUC,std_train_AUC,split0_test_Accuracy,split1_test_Accuracy,split2_test_Accuracy,split3_test_Accuracy,split4_test_Accuracy,mean_test_Accuracy,std_test_Accuracy,rank_test_Accuracy,split0_train_Accuracy,split1_train_Accuracy,split2_train_Accuracy,split3_train_Accuracy,split4_train_Accuracy,mean_train_Accuracy,std_train_Accuracy
0.014800262451171876,0.0020840017812205386,0.002798032760620117,0.0005658987678602209,1.0,1,"{'learning_rate': 1, 'n_estimators': 1}",0.944232,0.9411894999999999,0.94252,0.9432275,0.937634,0.9417606,0.0022887238671364537,31,0.9450885625,0.9439774999999999,0.94504384375,0.94504609375,0.94493721875,0.94481864375,0.0004235298130924772,0.8915,0.8835,0.8865,0.89,0.8765,0.8855999999999999,0.005332916650389367,31,0.887625,0.8915,0.89075,0.889375,0.889125,0.8896750000000001,0.0013476831971943463
0.5640634059906006,0.0023516464505282325,0.0040090084075927734,0.0006006539598716956,1.0,50,"{'learning_rate': 1, 'n_estimators': 50}",0.9612930000000001,0.9616545,0.9616244999999999,0.9627134999999999,0.9697060000000001,0.9633983,0.0031898439867805847,23,0.98863846875,0.9898729687500001,0.9894741249999999,0.9861400625000001,0.9887393437499999,0.9885729937500001,0.0013002373856879138,0.9155,0.9145,0.9175,0.913,0.9225,0.9166000000000001,0.0032924155266308565,19,0.956,0.958875,0.958,0.95275,0.95475,0.9560749999999999,0.0022073740054644195
1.1314612865447997,0.006659761451929265,0.004828310012817383,5.999164828685511e-05,1.0,100,"{'learning_rate': 1, 'n_estimators': 100}",0.960318,0.95579,0.9618755000000001,0.9601510000000001,0.9678049999999999,0.9611879,0.00387886628282024,25,0.9960665937500001,0.99609946875,0.9965558125,0.9905859374999999,0.9957180937500001,0.99500518125,0.0022256000744006353,0.918,0.9065,0.9205,0.9075,0.9205,0.9145999999999999,0.006280127387243044,24,0.974625,0.979375,0.980625,0.965375,0.97675,0.9753499999999999,0.0054039337523696575
1.6834783554077148,0.003468501836590917,0.006059885025024414,0.00015224306064720835,1.0,150,"{'learning_rate': 1, 'n_estimators': 150}",0.9597100000000001,0.9559099999999999,0.9621144999999999,0.9579090000000001,0.9657445,0.9602775999999998,0.0034137827318093806,28,0.9992236875,0.9989956249999999,0.9993185625000001,0.9930972187500001,0.9985786875,0.9978427562500001,0.002386453541476303,0.9165,0.906,0.9145,0.907,0.9215,0.9131,0.005860034129593425,25,0.9885,0.992375,0.99275,0.972375,0.988,0.9868,0.0074685172557878024
2.2498533725738525,0.005010666334528736,0.0073223114013671875,0.0001248952034395642,1.0,200,"{'learning_rate': 1, 'n_estimators': 200}",0.9614130000000001,0.95572,0.9613060000000001,0.9592504999999999,0.9654745,0.9606328000000002,0.0031796328813245263,27,0.9999483124999999,0.9980143125000001,0.9999800624999999,0.99509821875,0.9994965625,0.99850749375,0.001848732439106885,0.919,0.905,0.921,0.91,0.9245,0.9159,0.007255342858886815,20,0.99725,0.99675,0.999125,0.98025,0.99625,0.993925,0.006906337669126836
5.647107839584351,0.019882573371436722,0.014869785308837891,0.0003467248728513371,1.0,500,"{'learning_rate': 1, 'n_estimators': 500}",0.964495,0.954088,0.961182,0.9566219999999999,0.968469,0.9609712,0.005195624905629752,26,1.0,0.99726775,1.0,0.9980030625,1.0,0.9990541624999999,0.001181516530512789,0.9195,0.905,0.923,0.91,0.926,0.9167,0.007947326594522214,18,1.0,0.9985,1.0,0.99875,1.0,0.9994500000000001,0.0006782329983125061
0.012352085113525391,4.645201634350008e-05,0.0021486759185791017,3.0694537893794624e-05,0.5,1,"{'learning_rate': 0.5, 'n_estimators': 1}",0.944232,0.9411894999999999,0.94252,0.9432275,0.937634,0.9417606,0.0022887238671364537,31,0.9450885625,0.9439774999999999,0.94504384375,0.94504609375,0.94493721875,0.94481864375,0.0004235298130924772,0.8915,0.8835,0.8865,0.89,0.8765,0.8855999999999999,0.005332916650389367,31,0.887625,0.8915,0.89075,0.889375,0.889125,0.8896750000000001,0.0013476831971943463
0.561738920211792,0.0009241381587891337,0.0036646842956542967,3.225245607286769e-05,0.5,50,"{'learning_rate': 0.5, 'n_estimators': 50}",0.9678275000000001,0.9722844999999999,0.9643619999999998,0.96805,0.9732145,0.9691477,0.0032320016800738414,16,0.9856136875,0.9860586875,0.9856751874999999,0.98677321875,0.9851570625000002,0.9858555687499999,0.0005407945385899307,0.915,0.9205,0.924,0.9205,0.9255,0.9211,0.0036249137920783647,14,0.950875,0.9495,0.947625,0.9485,0.949625,0.949225,0.001099431671364797
1.1264981746673584,0.008206795680995865,0.004939031600952148,2.282023277301641e-05,0.5,100,"{'learning_rate': 0.5, 'n_estimators': 100}",0.9618885,0.9695455,0.9629985000000001,0.964591,0.9692355,0.9656518000000001,0.003172744231733756,19,0.9934133750000002,0.9931155,0.9930052812500001,0.99281453125,0.9928910312499998,0.99304794375,0.0002092973301834358,0.9155,0.9225,0.922,0.918,0.922,0.9200000000000002,0.002774887385102332,16,0.968625,0.96575,0.966875,0.967125,0.965,0.9666750000000001,0.0012414709017935116
1.6877161026000977,0.006520525172883145,0.006136178970336914,7.784459710842279e-05,0.5,150,"{'learning_rate': 0.5, 'n_estimators': 150}",0.9621684999999999,0.9708865,0.9619429999999999,0.9646525,0.96834,0.9655981,0.003507171558392929,20,0.9964205312500001,0.996459625,0.9970352812500001,0.9967249062500001,0.99625834375,0.9965797375000001,0.00027263956403100466,0.9225,0.9235,0.922,0.923,0.9215,0.9225000000000001,0.0007071067811865481,11,0.98075,0.979875,0.98025,0.979375,0.978375,0.979725,0.0008116341540373972
2.250494384765625,0.010545945752445305,0.007435464859008789,0.00013157738821145877,0.5,200,"{'learning_rate': 0.5, 'n_estimators': 200}",0.9617540000000001,0.969632,0.963001,0.965329,0.969285,0.9658002,0.003201743487539225,18,0.9988153437499999,0.99854553125,0.9987919062500001,0.9982121250000001,0.9984433125000001,0.9985616437500001,0.0002253041335131467,0.922,0.924,0.9245,0.9255,0.927,0.9246000000000001,0.001655294535724681,5,0.99025,0.98925,0.98825,0.989125,0.98725,0.988825,0.001011187420807839
5.602704429626465,0.014754159864456148,0.014915370941162109,0.0003403989015301901,0.5,500,"{'learning_rate': 0.5, 'n_estimators': 500}",0.9617229999999999,0.9689669999999999,0.964505,0.965193,0.9675830000000001,0.9655942,0.002516529864714535,21,1.0,1.0,1.0,0.9993843125,1.0,0.9998768625000001,0.00024627499999998467,0.9235,0.9285,0.924,0.925,0.9285,0.9258999999999998,0.002177154105707712,1,1.0,1.0,1.0,0.996375,1.0,0.9992750000000001,0.0014499999999999958
0.012978506088256837,0.0013483396036060075,0.0021202564239501953,3.662003823587079e-05,0.25,1,"{'learning_rate': 0.25, 'n_estimators': 1}",0.944232,0.9411894999999999,0.94252,0.9432275,0.937634,0.9417606,0.0022887238671364537,31,0.9450885625,0.9439774999999999,0.94504384375,0.94504609375,0.94493721875,0.94481864375,0.0004235298130924772,0.8915,0.8835,0.8865,0.89,0.8765,0.8855999999999999,0.005332916650389367,31,0.887625,0.8915,0.89075,0.889375,0.889125,0.8896750000000001,0.0013476831971943463
0.5617880821228027,0.002714615100109729,0.0039215564727783205,3.667042062597369e-05,0.25,50,"{'learning_rate': 0.25, 'n_estimators': 50}",0.971539,0.9733365,0.971146,0.9704049999999999,0.973009,0.9718871,0.0011159250154020792,7,0.98124709375,0.980996625,0.98146153125,0.981004375,0.9815953125,0.9812609875,0.00023996730783197354,0.923,0.92,0.927,0.922,0.923,0.923,0.002280350850198278,10,0.936375,0.93475,0.935375,0.936,0.937125,0.9359249999999999,0.0008162413858657322
1.1179882049560548,0.0021717307259760976,0.005195713043212891,5.51157752708755e-05,0.25,100,"{'learning_rate': 0.25, 'n_estimators': 100}",0.9706404999999999,0.9740704999999998,0.9713135,0.9706239999999999,0.9739045,0.9721105999999999,0.001553436654646696,5,0.9880493124999999,0.98774665625,0.98773575,0.98795809375,0.9875516875000001,0.9878083,0.0001763171133302338,0.922,0.923,0.926,0.9205,0.926,0.9235000000000001,0.0021908902300206813,8,0.95175,0.947375,0.950875,0.950625,0.950125,0.95015,0.001484082207965598
1.6860939502716064,0.010873446262404293,0.006501007080078125,5.7786171614616146e-05,0.25,150,"{'learning_rate': 0.25, 'n_estimators': 150}",0.971988,0.9744374999999998,0.9712230000000002,0.9710179999999999,0.9718835,0.97211,0.0012216935376762148,6,0.9920096250000001,0.9914709687500001,0.99158765625,0.99225846875,0.9916300625,0.9917913562499999,0.000295294039502375,0.9215,0.9265,0.9255,0.922,0.9245,0.924,0.0019493588689617832,6,0.962,0.959625,0.959375,0.962625,0.961875,0.9611000000000001,0.0013332291625973438
2.2461387157440185,0.012355583041680135,0.007714414596557617,5.447446631799295e-05,0.25,200,"{'learning_rate': 0.25, 'n_estimators': 200}",0.9712315,0.9736925,0.9688245,0.9710075,0.9724739999999998,0.9714459999999999,0.0016256753058344448,10,0.99432696875,0.9941940312499999,0.99413953125,0.9950312499999999,0.9941439999999999,0.99436715625,0.0003388863119423186,0.9235,0.9205,0.927,0.92,0.927,0.9236000000000001,0.0030232432915662097,7,0.97175,0.967875,0.96825,0.967625,0.970625,0.969225,0.0016534055763786344
5.603674077987671,0.014777953824372416,0.015307188034057617,0.00016278071047260377,0.25,500,"{'learning_rate': 0.25, 'n_estimators': 500}",0.969311,0.9716500000000001,0.965004,0.9728319999999999,0.9725340000000001,0.9702662,0.0029066924433108054,12,0.9996828750000001,0.999908375,0.999849125,0.9997418125,0.9997874375000001,0.999793925,7.903890853556492e-05,0.9285,0.924,0.925,0.9205,0.9285,0.9253,0.003009983388658479,2,0.995,0.996,0.995125,0.99625,0.993875,0.9952500000000001,0.0008403868156985872
0.012361669540405273,9.480712324751536e-05,0.0021311759948730467,1.0035581487927104e-05,0.1,1,"{'learning_rate': 0.1, 'n_estimators': 1}",0.944232,0.9411894999999999,0.94252,0.9432275,0.937634,0.9417606,0.0022887238671364537,31,0.9450885625,0.9439774999999999,0.94504384375,0.94504609375,0.94493721875,0.94481864375,0.0004235298130924772,0.8915,0.8835,0.8865,0.89,0.8765,0.8855999999999999,0.005332916650389367,31,0.887625,0.8915,0.89075,0.889375,0.889125,0.8896750000000001,0.0013476831971943463
0.5560266971588135,0.0007878793077366845,0.004190635681152344,2.133088270270289e-05,0.1,50,"{'learning_rate': 0.1, 'n_estimators': 50}",0.9695464999999999,0.9679945,0.9715895,0.9671945,0.9713250000000001,0.96953,0.0017479220806432198,15,0.9740933125,0.9742699062500001,0.9745693125,0.97398890625,0.97414228125,0.9742127437499999,0.00019987037733085422,0.913,0.9115,0.9195,0.914,0.915,0.9146000000000001,0.002709243436828808,23,0.9205,0.92275,0.92,0.919875,0.918875,0.9203999999999999,0.001287924687239109
1.1170729160308839,0.002463418184563357,0.0058039665222167965,3.9445876567946266e-05,0.1,100,"{'learning_rate': 0.1, 'n_estimators': 100}",0.971628,0.9716935,0.971703,0.9700319999999999,0.973346,0.9716805000000001,0.001048319989316286,9,0.97968725,0.9794362812499999,0.9804154999999999,0.9790044999999999,0.98038175,0.9797850562499999,0.0005466225161446061,0.9175,0.916,0.9265,0.92,0.923,0.9206,0.003786819245752293,15,0.93275,0.933625,0.93025,0.930625,0.933125,0.932075,0.0013706750161872694
1.6766217231750489,0.0038929522571149776,0.00714406967163086,7.832862791540857e-05,0.1,150,"{'learning_rate': 0.1, 'n_estimators': 150}",0.9720015,0.9736275,0.9719275,0.9714915,0.9735615,0.9725218999999999,0.0008931932825542253,4,0.9829266875,0.9830818750000001,0.9836694062500001,0.9828341875000001,0.9833008749999999,0.98316260625,0.0002986632062729677,0.919,0.919,0.925,0.923,0.923,0.9218,0.0024000000000000024,13,0.937375,0.938625,0.937375,0.937875,0.938125,0.937875,0.0004743416490252866
2.237386417388916,0.003268518891824281,0.008393573760986327,8.981002238198523e-05,0.1,200,"{'learning_rate': 0.1, 'n_estimators': 200}",0.9720755,0.97396,0.9716474999999999,0.9720685,0.9739855000000001,0.9727474,0.0010124648339572627,3,0.9857081875,0.9856410625,0.98576746875,0.9853462187500001,0.98532871875,0.98555833125,0.00018479905958057713,0.9215,0.92,0.9265,0.922,0.926,0.9231999999999999,0.002580697580112783,9,0.9415,0.94325,0.941375,0.94125,0.942,0.9418749999999999,0.0007331439149307692
5.595960807800293,0.01406129991863623,0.015679264068603517,0.00027904552054227596,0.1,500,"{'learning_rate': 0.1, 'n_estimators': 500}",0.9729145000000001,0.9739300000000001,0.9723879999999998,0.973066,0.9753919999999999,0.9735381000000001,0.0010511913431911508,2,0.9942824375,0.99403609375,0.9942038125,0.9944883437500001,0.9942604687500001,0.99425423125,0.00014544358415509166,0.925,0.9235,0.9265,0.9245,0.927,0.9253,0.0012884098726725257,2,0.967,0.96425,0.965,0.965625,0.963375,0.96505,0.0012313610356024605
0.012388944625854492,5.070081939893536e-05,0.0021311283111572266,1.849648816647132e-05,0.05,1,"{'learning_rate': 0.05, 'n_estimators': 1}",0.944232,0.9411894999999999,0.94252,0.9432275,0.937634,0.9417606,0.0022887238671364537,31,0.9450885625,0.9439774999999999,0.94504384375,0.94504609375,0.94493721875,0.94481864375,0.0004235298130924772,0.8915,0.8835,0.8865,0.89,0.8765,0.8855999999999999,0.005332916650389367,31,0.887625,0.8915,0.89075,0.889375,0.889125,0.8896750000000001,0.0013476831971943463
0.557152795791626,0.0005350799524988396,0.004197025299072265,5.008075185901907e-05,0.05,50,"{'learning_rate': 0.05, 'n_estimators': 50}",0.9667015000000001,0.9644175,0.969481,0.9657415,0.9673155,0.9667314000000001,0.0016873886452148453,17,0.9699016874999999,0.9699179375000001,0.9693198437500001,0.97020784375,0.9697896875,0.9698274000000001,0.00028895975430733023,0.9055,0.907,0.914,0.911,0.909,0.9093,0.00299332590941917,26,0.913125,0.91725,0.912,0.915,0.913125,0.9141,0.0018462800437636824
1.11344256401062,0.0006137255011136984,0.006184244155883789,4.473169708035358e-05,0.05,100,"{'learning_rate': 0.05, 'n_estimators': 100}",0.9699745,0.9688169999999999,0.9712609999999999,0.9672034999999999,0.9717709999999999,0.9698053999999999,0.001658780738976692,13,0.9743555937499999,0.97457309375,0.9743414375,0.97416903125,0.9743317499999999,0.9743541812500001,0.00012874064195360875,0.9135,0.911,0.922,0.913,0.916,0.9151000000000001,0.0038000000000000082,22,0.920125,0.921125,0.919375,0.919,0.92025,0.919975,0.000739087274954696
1.6740813255310059,0.006440112644613128,0.00790104866027832,5.7698399556856075e-05,0.05,150,"{'learning_rate': 0.05, 'n_estimators': 150}",0.9714674999999999,0.9700660000000001,0.9711845000000001,0.969337,0.973414,0.9710937999999999,0.001390965513591172,11,0.977350125,0.97704340625,0.97778646875,0.97703653125,0.9777061249999999,0.9773845312499999,0.00031737370704243537,0.9165,0.916,0.926,0.917,0.9205,0.9192,0.0037496666518505423,17,0.926875,0.92825,0.925125,0.927375,0.928,0.927125,0.0011096170510586252
2.234350633621216,0.0058294601961195605,0.009356260299682617,7.832926653255293e-05,0.05,200,"{'learning_rate': 0.05, 'n_estimators': 200}",0.9718770000000001,0.9717815000000001,0.9708919999999999,0.9701449999999999,0.974017,0.9717425000000001,0.0013014083140967406,8,0.9792172500000002,0.9795146875,0.9801060624999999,0.97920328125,0.9799373749999999,0.9795957312499999,0.0003690505616188452,0.9195,0.9165,0.9295,0.92,0.924,0.9218999999999999,0.0044877611344633795,12,0.9295,0.93225,0.92925,0.932,0.932375,0.9310749999999999,0.0013955285736952847
5.596043348312378,0.009186887963960853,0.01700897216796875,0.00028366242190824403,0.05,500,"{'learning_rate': 0.05, 'n_estimators': 500}",0.972869,0.9746135,0.972034,0.9729510000000001,0.9752645,0.9735464,0.0011992744223070875,1,0.987602875,0.9875649687499999,0.9872725937500001,0.9871484999999999,0.98724453125,0.9873666937500001,0.00018247276915850307,0.9225,0.921,0.9265,0.925,0.9305,0.9251000000000001,0.0033075670817082343,4,0.94525,0.946,0.945625,0.945,0.945,0.945375,0.0003872983346207492
0.01238255500793457,8.3431297006765e-05,0.0021409988403320312,1.0627158820336382e-05,0.01,1,"{'learning_rate': 0.01, 'n_estimators': 1}",0.944232,0.9411894999999999,0.94252,0.9432275,0.937634,0.9417606,0.0022887238671364537,31,0.9450885625,0.9439774999999999,0.94504384375,0.94504609375,0.94493721875,0.94481864375,0.0004235298130924772,0.8915,0.8835,0.8865,0.89,0.8765,0.8855999999999999,0.005332916650389367,31,0.887625,0.8915,0.89075,0.889375,0.889125,0.8896750000000001,0.0013476831971943463
0.5563350200653077,0.0005583014100001937,0.004003047943115234,5.6105722634204455e-05,0.01,50,"{'learning_rate': 0.01, 'n_estimators': 50}",0.9575864999999999,0.9554125000000002,0.9588080000000001,0.9588954999999999,0.9571035000000001,0.9575612,0.0012776468839236408,30,0.9594861250000001,0.96104159375,0.9595873749999999,0.9604756562500001,0.9603631875,0.9601907874999999,0.0005823056111404309,0.903,0.9015,0.908,0.908,0.906,0.9052999999999999,0.002638181191654602,29,0.907,0.9085,0.90625,0.906375,0.908625,0.9073500000000001,0.0010228636272739274
1.1105867385864259,0.0028228288466153485,0.0060004711151123045,0.0001020333918244482,0.01,100,"{'learning_rate': 0.01, 'n_estimators': 100}",0.9609570000000002,0.9574014999999998,0.961027,0.960418,0.9582689999999999,0.9596145,0.0014933729607838398,29,0.9627036250000001,0.96325234375,0.96190546875,0.962320375,0.96196871875,0.96243010625,0.0005002101342029928,0.9035,0.897,0.9085,0.909,0.906,0.9048,0.004365775990588612,30,0.908,0.907125,0.90625,0.906875,0.909,0.9074500000000001,0.0009572094859538498
1.6673786163330078,0.0038440702979356677,0.008044099807739258,0.00011125527543206257,0.01,150,"{'learning_rate': 0.01, 'n_estimators': 150}",0.9637404999999999,0.9582515,0.9646335000000001,0.9639105,0.9633985,0.9627869,0.0023032876155617246,24,0.96670525,0.96535078125,0.9652713125,0.9665624374999999,0.96596796875,0.9659715499999999,0.0005938287548427686,0.904,0.899,0.91,0.9095,0.9055,0.9056000000000001,0.004017461885320126,28,0.908625,0.909375,0.90675,0.9075,0.90925,0.9083,0.0010204165815979594
2.2301084995269775,0.016586230647106907,0.009975337982177734,7.91438508556778e-05,0.01,200,"{'learning_rate': 0.01, 'n_estimators': 200}",0.9663174999999999,0.9620074999999999,0.9679015,0.9652970000000002,0.9654229999999999,0.9653893,0.0019297113929290228,22,0.96920115625,0.9683318124999999,0.9678905,0.96871103125,0.9682191562499999,0.9684707312499998,0.00044956011251628714,0.907,0.9025,0.9125,0.912,0.9095,0.9087,0.003668787265568836,27,0.912,0.913375,0.9095,0.911875,0.910625,0.911475,0.0013167194082263902
5.497789096832276,0.029416636777931004,0.02117457389831543,0.0001487903554505346,0.01,500,"{'learning_rate': 0.01, 'n_estimators': 500}",0.969973,0.9686585,0.9712625000000001,0.9673155,0.9716454999999999,0.969771,0.0016153181110852594,14,0.97452115625,0.9744456249999999,0.9745400937500002,0.9742298125,0.97478653125,0.9745046437500001,0.00017888843262810138,0.913,0.911,0.923,0.914,0.9155,0.9153,0.004118252056394803,21,0.92075,0.920625,0.92,0.919,0.919125,0.9198999999999999,0.0007305819598101162
